ID,SMILES
0,NC(=O)CC=O
1,NC(=O)CCC=O
2,NC(=O)CCCC=O
3,NC(=O)CCCCC=O
4,NC(=O)CCCCCC=O
5,NC(=O)CCCCCCC=O
6,NCCCCC=O
7,NCCCCCC=O
8,NCCCCCCC=O
9,NCCCCCCCC=O
10,NC(=O)CCOCCC=O
11,NC(=O)COCCOCC=O
12,NC(=O)COCCCOCC=O
13,NCCOCC=O
14,NCCOCCOCC=O
15,CCCCC=O
16,CCC=O
17,CCCC=O
18,CCCCCC=O
19,CCCCCCC=O
20,CCCCCCCC=O
21,COCC=O
22,COCCOCC=O
23,COCCOCCOCC=O
24,CCCC(N)=O
25,CCCCC(N)=O
26,CCCCCC(N)=O
27,CCCCCCC(N)=O
28,CCCCCCCC(N)=O
29,CCCN
30,CCCCN
31,CCCCCN
32,CCOCCOCC(N)=O
33,CCOCCOCCOCC(N)=O
34,CCOCCOCCOCCOCC(N)=O
35,CCOCCOCCNC(N)=O
36,CCOCCOCCNC(N)=S
37,CCOCCN
38,CCOCCOCCN
39,CCOCCOCCOCCN
40,CCOCCOCc1cn(CC)nn1
41,CCOCCOCCOCc1cn(CC)nn1
42,CCCCCn1cc(COCCOCC)nn1
43,CCCCCn1cc(COCCOCCOCC)nn1
44,C
45,CC
46,CCC
47,CCCC
48,CCCCCC
49,CCOC
50,CCOCCOC
51,CCOCCOCCOC
52,CCCCCCCCCCC=O
53,CCCCCCCCCCCN
54,CCCCCCCCCN
55,CCCCCCCN
56,CCCCCCCCC=O
57,C#CCOCCOCCOCCC=O
58,C#CCCCCCCCCCCC=O
59,C#CCOCCOCCOCCO
60,C#CCCCCCCCCCCO
61,C#CCCC=O
62,C#CCCCC=O
63,C#CCN1CCC2(CC1)CCN(c1ncc(C=O)cn1)CC2
64,CCCCOCCOCCOCCCCCC=O
65,COCCOCCOCCOCCOCCC=O
66,COCCOCCOCCOCCC=O
67,COCCOCCOCCC=O
68,COCCOCCC=O
69,CCOCC=O
70,CCCCCCCCCCCCCC=O
71,CCCCCCCCCCCC=O
72,CC=O
73,CCc1cn(CCCC=O)nn1
74,CCCNC(=O)CCCCCCCCC=O
75,Cc1cn(CCCN)nn1
76,CCOCCOCCOCc1cn(CCOCCOCCOCCOCCOCCNC(C)=O)nn1
77,CCOCCOCCOCc1cn(CCCCCC=O)nn1
78,O=CNCCCCNC(=O)CO
79,CCCCCCNC=O
80,CCCCCNC=O
81,CCCCNC=O
82,CCCNC=O
83,CCOCCOCCNC=O
84,COCCOCCOCCOCC=O
85,O=CCCCCCCCCCO
86,O=CCOCCOCCOCCOCCO
87,O=CCOCCOCCOCCOCCOCCOCCO
88,NCCCCCCCCCC=O
89,NCCOCCOCCOCCOCC=O
90,NCCOCCOCCOCCOCCOCCOCC=O
91,NCc1cn(CCCCCCCC=O)nn1
92,NCC(=O)NCCC=O
93,CCOCCOCCn1cc(CN)nn1
94,COCCOCCNC(C)=O
95,O=C(CO)NCCCCNC(=O)CCC(=O)N1CCN(CCO)CC1
96,O=C(CO)NCCCOCCOCCOCCCNC(=O)CCC(=O)N1CCN(CCO)CC1
97,O=C(CO)NCCCCCCCCNC(=O)CN1CCN(CCO)CC1
98,CC(=O)NCCOCCOCCO
99,O=C(CO)NCCCCCCCCNC(=O)CCC(=O)N1CCN(CCO)CC1
100,O=C(CO)NCCCCNC(=O)CN1CCN(CCO)CC1
101,O=C(CO)NCCCOCCOCCOCCCNC(=O)CN1CCN(CCO)CC1
102,CC(=O)NCCOCCOCCN1CCN(CCO)CC1
103,CC(=O)NCCOCCOCCOCCO
104,O=CCOCCCCO
105,O=CCOCCOCCO
106,O=CCCCCCOCCO
107,O=CCOCCCOCCCO
108,O=CCOCCOCCOCCO
109,O=CCOCCCOCCCCCO
110,O=CCOCCOCCOCCCCO
111,O=CCOCCCOCCCCOCCCO
112,O=CCCCCCOCCCCOCCCCO
113,O=CCOCCOCCOCCOCCOCCO
114,O=CCOCCOCCCCOCCCCOCCO
115,O=CCCOCCCOCCCOCCCOCCCO
116,O=CCOCCOCCCCOCCCCOCCOCCO
117,O=CCOCCCCCOCCCCOCCCCOCCCCOCCCCCO
118,O=C(CO)NCCCCn1ccnn1
119,CCCCO
120,COCCC=O
121,NCCOCCOCC(N)=O
122,NCCCCCCOCCOCC=O
123,NCCCCOCCCCOCC=O
124,NCCCOCCCOCCC=O
125,NCCCCNC(=O)CO
126,O=CCCC(=O)NCCCCNC(=O)CO
127,O=CCCC(=O)NCCCOCCOCCOCCCNC(=O)CO
128,CCCCCOCCOCCOCCCCCC=O
129,CCCCCOCCOCC=O
130,CCCCCOCCOCCOCCOCCOCCOCC=O
131,CCCCCOCCCCCOCCCCCC=O
132,CCCCOCCOCC=O
133,CCCCOCCOCCOCCOCCOCCOCC=O
134,CCCCOCCCCCOCCCCCC=O
135,NCCCCCCCCNC(=O)CO
136,O=CNCCCOCCOCCOCCCNC(=O)CO
137,O=CNCCCCCCO
138,O=CN1CCC(C2CCN(C(=O)O)CC2)CC1
139,CCOCCOCCOCCNC=O
140,NCCCCCCCCNC=O
141,CCCCCCCCNC=O
142,NCCCCCCNC=O
143,O=CCOCCOCCOCCNC=O
144,O=CNCCCCCCCCNC(=O)CO
145,CCOCCOCCOCCNC(C)=O
146,CCCOCCOCCOCCN
147,O=CNC=O
148,CCCCNC(C)=O
149,CC(=O)NCCCCO
150,NC(=O)CCC(=O)NCCCOCCOCCOCCCNC(=O)CO
151,NC(=O)CO
152,O=CCCNC(=O)CCCOCCOCCOCCCNC(=O)CO
153,O=CCO
154,O=CCCCNC(=O)CO
155,CCOCCOCCO
156,Cc1ccc(CCO)cc1
157,Cc1ccc(OCCO)cc1
158,CCCCCCCC
159,O=CCCCCCNC(=O)CO
160,CCNC(=O)CCC=O
161,CCCCNC(=O)CCC=O
162,CCCCCCNC(=O)CCC=O
163,O=CCCC(=O)NCCNC(=O)CO
164,O=CCCC(=O)NCCCCCCNC(=O)CO
165,O=CCOCCOCCNC(=O)CO
166,O=CCCC(=O)NCCCOCCOCCOCCNC(=O)CO
167,NCCNC(=O)CCC=O
168,O=CCCNC=O
169,O=CCCCNC=O
170,O=CCCCCNC=O
171,O=CCCOCCOCCNC=O
172,O=CCCOCCOCCOCCOCCNC=O
173,NCCOCCOCCN
174,NCCOCCOCCOCCN
175,NCCOCCOCCOCCOCCN
176,NCCOCCOCCOCCO
177,C#CC1CCN(C(C)C)CC1
178,C#CC1CN(C(C)C)C1
179,C#CC1CCN(C)CC1
180,C#CC(C)C
181,CC(C)C1CNC1
182,CC(C)N1CCC1
183,CNC
184,CCN(CCO)CCCCCC=O
185,CCOCCn1cc(CCCC(N)=O)nn1
186,CCOCCOCCn1ccnn1
187,CCCCCCCCN
188,CCOCCOCCOc1ccc(N)cc1
189,CCOCCOCCOc1cccc(N)c1
190,NCCOCCOCCOCC=O
191,CCOCCOCCOCCNC(=O)CO
192,CCOCCOCCOCCOCCOCCNC(C)=O
193,CCNC(C)=O
194,Cc1cn(C)nn1
195,COCCn1cc(C)nn1
196,COCCOCCn1cc(C)nn1
197,COCCOCCOCCn1cc(C)nn1
198,NCCn1cc(CO)nn1
199,NCCn1cc(COCCO)nn1
200,NCCn1cc(COCCOCCO)nn1
201,NCCn1cc(COCCOCCOCCO)nn1
202,NCCn1cc(COCCOCCOCCOCCO)nn1
203,NCCn1cc(COCC=O)nn1
204,NCCn1cc(COCCOCC=O)nn1
205,NCCn1cc(COCCOCCOCC=O)nn1
206,NCCn1cc(COCCOCCOCCOCC=O)nn1
207,NCCn1cc(COCCOCCOCCOCCOCC=O)nn1
208,OCCn1ccnn1
209,OCCCCCn1ccnn1
210,OCCCCCCn1ccnn1
211,OCCCCCCCCn1ccnn1
212,NCCOCCOCCOCC(=O)N[C@@H](C=O)Cc1ccccc1
213,NCCCCCCS
214,NCCCCS
215,NCCOCCS
216,NCCCOCCCS
217,NCCOCCCCS
218,NCCOCCOCCS
220,CN(C=O)CCCN(C)c1ccc(CCCO)cc1
221,O=CCOCCO
222,O=CCOCCCO
223,O=CCCOCCO
224,O=CCCOCCCO
225,O=CCCOCCOCCO
226,O=CCCOCCOCCOCCOCCO
227,O=C(CCOCCCO)NCCO
228,O=C(CCOCCOCCO)NCCO
229,O=C(CCOCCOCCOCCOCCO)NCCO
230,N[C@H](COCCOCCO)COCCOCCOCC=O
231,COc1ccc(OCC=O)cc1
232,CCOCCOCCOCC
234,CCNC(=O)CCN
235,CCCCNC(=O)CCN
236,CCCCCCNC(=O)CCN
237,CCCCCCNC(=O)CCCCCNC(=O)CCN
238,CCOCCOCCNC(=O)CCN
239,CCN
240,CCCCCCN
241,CCCCCC(=O)NCCCCCCN
242,CCO
243,CCOCCO
244,CCOCCOCCOCCO
245,CCOCCOCCOCCOC
246,CCOCCOCCOCCOCCO
247,CCOCCOCCOCCOCCOC
248,CCOCCOCCOCCOCCOCCO
249,CCOCCOCCOCCOCCOCCOC
250,CCOCCOCC=O
251,CCOCCOCCOCC=O
252,CCOCCOCCOCCOCC=O
253,CCOCCOCCOCCOCCOCC=O
254,CCCCCCCCCCCCN
255,CCOCCOCCn1cc(C)nn1
256,CCOCCOCCOCCn1cc(C)nn1
257,CCOCCOCCOCCOCCn1cc(C)nn1
258,CCOCCNC(C)=O
259,CCOCCOCCNC(C)=O
260,CCOCCOCCOCCOCCNC(C)=O
261,CCOCCn1cc(C)nn1
262,CCCCCn1cc(C)nn1
263,CCCCCCn1cc(C)nn1
264,CCOCCOCC
265,C#CCCCCn1cc(C)nn1
266,C#CCCCCCn1cc(C)nn1
267,CC(=O)NCCOCCn1cc(C)nn1
268,CC(=O)NCCOCCOCCn1cc(C)nn1
269,CC(=O)NCCOCCOCCOCCn1cc(C)nn1
270,Cc1cn(CCOCCNC(=O)CCC=O)nn1
271,Cc1cn(CCOCCOCCNC(=O)CCC=O)nn1
272,Cc1cn(CCOCCOCCOCCNC(=O)CCC=O)nn1
273,Cc1cn(CCOCCOCCOCCOCCNC(=O)CCC=O)nn1
278,CCOCCOCCOCCCCC=O
279,CCCCCCOCCCCCOCCCCC=O
280,CCCCCCOCCCCCCOCCCCCC=O
281,CCCCOCCCCOCCCCOCCCCCC=O
282,CCCCCCOCCOCCOCCOCCOCCOCCCCCC=O
283,CCCCCCOCCCCOCCCCOCCCCOCCCCCC=O
284,NCCOCCOCC(=O)NCCOCCO
285,NCCOCCO
286,NCCOCCOCCC(=O)NCCOCCOCC(=O)NCCOCCO
287,CCOCCOCCOCCOCCn1ccnn1
288,O=CCCC(=O)NCCOCCOCCOCCn1ccnn1
289,CC(=O)NCCOCCOCCOCCOCCn1ccnn1
291,CC(=O)N1CCC(N2CCC(C)CC2)CC1
292,C#CC1CCN(C2CCN(C(C)=O)CC2)CC1
293,CCCCOCCCCOCC=O
294,O=CCCCCCO
295,O=CCCCCCCO
296,O=CCCCCCCCO
297,O=CCCCCCn1cc(CO)nn1
298,O=CCCCCCCn1cc(CO)nn1
299,O=CCCCCCCCn1cc(CO)nn1
300,O=CCCCCCCCCCn1cc(CO)nn1
301,CCNC(=O)COCCOCCOCC
302,CCCCCCOCCOCCOCC=O
303,CCCCCCOCCOCCOCCOCC=O
304,CCCCCCOCCCCCCOCC=O
305,CCOCCOCc1cn(CCCC(=O)N(C)C)nn1
306,CCCCC
307,CCCCCCC
308,CCOCC
309,CCCOCCCCOCCC
310,CCCOCCOCCOCCC
311,CCOCCOCCOCCOCC
312,CCOCCOCCOCCOCCOCC
313,CCC(C)=O
314,CCCCCNC(C)=O
315,C#CCOCCOCCO
316,C#CCCC
317,C=O
318,CCN(CC)CCCC=O
319,O=CCCCN1CCNCC1
320,C#Cc1cnn(CCC=O)c1
321,Cc1cnn(CC=O)c1
322,CCCOCCOCCOCCCNC(C)=O
323,CC(=O)NCC=O
324,NCCCOCCOCCO
325,NC(=O)CCCCCCCC=O
326,NC(=O)CCCCCCCCC=O
327,CCOCCOCCC=O
328,COCCCCOCCCCCC=O
329,O
330,CN
331,C#CCC
332,CN1CCN(CCOCCOCCOCCOCC=O)CC1
333,CCN1CCN(CCOCCOCCOCCOCC=O)CC1
334,CN1CCN(CCNC(=O)CCCCn2cc(COCCC=O)nn2)CC1
335,CCNC(=O)CCCCn1cc(COCCC=O)nn1
336,CNC(=O)CCOCCOCCOCCOCCOCCC=O
337,CN(C)CCOCCOCC=O
338,CN(C)CCOCCOCCOCCOCC=O
339,CN(C)CCOCCOCCOCCOCCOCC=O
340,CN(C)CCCCCOCCOCC=O
341,CN(C)CCOCCOCCOCC=O
342,CN(C)C(=O)COCCOCCOCC=O
343,CN(C)CCOCCOCCO
344,CN(C)CCOCCOCCOCCOCCO
345,CN(C)CCOCCO
346,CN(C)CCOCCOCCOCCO
347,CN(C)CCCCCO
348,CN(C)CCCCCOCCO
349,CNC(=O)COCCO
350,CNC(=O)COCCOCCO
351,CNC(=O)COCCOCCOCCO
352,CNC(=O)CCCCO
353,CNC(=O)CCCCOCCO
354,CCCOCCOCCC
355,OCCOCCOCCO
356,O=CNCCOCCOCCNC=O
357,C#CCCCC
358,C#CCCCCC
359,C#CCCCCCCC
360,C#CCCCCO
361,C#CCCCCN
363,C#Cc1cnn(CC)c1
364,C#CCCC1CCNCC1
365,C#CC1CCN(C=O)CC1
366,CCCCCCCCCC=O
367,Cc1ccc(CCCCCCC=O)nc1
368,Cc1ccc(N2CCN(CCCC=O)CC2)nc1
369,Cc1ccc(N2CCN(CCCCC=O)CC2)nc1
370,Cc1ccc(N2CCN(CCC=O)CC2)nc1
371,Cc1ccc(N2CCN(CC=O)CC2)nc1
372,Cc1ccc(N2CCN(C=O)CC2)nc1
373,CCN1CCN(c2ccc(C)cn2)CC1
374,Cc1ccc(N(C)C)nc1
375,CC1CCN(C(C)C)CC1
376,CC1CCN(C2CCN(C=O)CC2)CC1
377,CCCCCCCCCCN
378,CCC(CC)N1CCC(C)CC1
379,NCCOCCOCCNC(=O)CCN
380,NCCOCCOCCOCCOCCNC(=O)CCN
381,NCCCc1cn(CCOCCOCCOCCC(N)=O)nn1
382,NCCOCCOCCOCCc1cn(CCOCCOCCOCCC(N)=O)nn1
383,NCCOCCOCCOCCOCCO
384,NCCOCCOCCOCCOCCOCCO
385,NCCCCCCCCCCCCN
386,CN(CCCN)CCCN
387,NCCN1CCN(CCN)CC1
388,NCCCN1CCN(CCCN)CC1
389,NCCCCN1CCN(CCCCN)CC1
390,NCCOCCCN1CCN(CCOCCN)CC1
391,CC(=O)NCCCCCCCCCCC=O
392,O=CCCCCCCCCCCNC(=O)CO
393,O=CCCCCCC=O
394,CC(=O)NCCOCCOCCOCCC=O
395,CCNC(=O)CC
396,CCCNC(=O)CC
397,CCCCNC(=O)CC
398,CCCCCNC(=O)CC
399,CCCCCCNC(=O)CC
400,NC(=O)c1cc(F)c(/N=N/c2c(F)cc(C=O)cc2F)c(F)c1
401,NC(=O)c1cc(F)c(/N=N\c2c(F)cc(C=O)cc2F)c(F)c1
402,CCC(=O)NCCOCOCOCC=O
403,CCC(=O)NCCOCOCOCOCC=O
404,O=CCOCOCOCCNC(=O)CO
405,CC(C)CCCOCCOCCOCCOCCO
406,CCCCCOCCOCCOCCOCCO
407,CCCCOCCOCCOCCOCCO
408,COCCOCCOCCOCCOCCO
409,CC(=O)NCCC=O
410,CC(=O)NCCCC=O
411,CC(=O)NCCCCC=O
412,CC(=O)NCCCCCC=O
413,CC(=O)NCCCCCCC=O
414,CCOCCOCc1cn(CCCC=O)nn1
415,CC(=O)NCCCCCCCC=O
416,Cc1cn(COCC=O)nn1
417,Cc1cn(CCOCCOCC=O)nn1
418,Cc1cn(CCOCOCCOCC=O)nn1
419,Cc1cn(CCOCOCOCCOCC=O)nn1
420,CCOCCOc1ccc(NC(=O)Cn2cc(C)nn2)cc1
421,OCCOCCOCCOCCO
422,CCOCCOCCOc1ccc(NC(=O)Cn2cc(C)nn2)cc1
423,CCCNc1ccc(OCCOCCOCC)cc1
424,CCCNc1ccc(OCCOCC)cc1
425,CCCn1cc(CNc2ccc(OCCOCCOCC)cc2)nn1
426,CCCn1cc(CNc2ccc(OCCOCC)cc2)nn1
427,NCCN
428,NCCCN
429,NCCCCN
430,NCCCCCN
431,NCCCCCCN
432,NCCOCCN
433,NCCNC(=O)CO
434,NCCCNC(=O)CO
435,NCCCCCNC(=O)CO
436,NCCCCCCNC(=O)CO
437,NCCOCCNC(=O)CO
438,CCOCCOCCOCCOCCOCCOCCOCC=O
439,CCOCCOCCOCCOCCOCCOCCOCCOCCOCC=O
440,CCCCNC(=O)CO
441,CCCCCCCCCCNC(=O)CO
442,CCCCCC1CCN(CCN)CC1
443,CNC=O
444,CCNC=O
445,CCCCCCCNC=O
446,CCCCCCCCCNC=O
447,CCCCCCCCCCNC=O
448,CCCCCCCCCNC(C)=O
449,CCCCCCCCCCNC(C)=O
450,CCCCCCCCCCNC(=O)CC
451,CC(=O)CCC(=O)NCCOCCOCCO
452,COCCOCCOCCNC(=O)CCC(C)=O
453,COCCOCCOCCOCCNC(=O)CCC(C)=O
454,CCCCCCCCCN1CCNCC1
455,CCCCCCCCCCN1CCNCC1
456,CCCCCCCCCCCC
457,CCCCCCCN1CCN(C(C)=O)CC1
458,CCCCCCCCN1CCN(C(C)=O)CC1
459,CCCCCCN1CCN(C(C)=O)CC1
460,CCCN1CCN(CCCCNC(C)=O)CC1
461,CCOCCOCCOCCOc1ccc(N)cc1
462,O=CCOCCOCCOCCOCC=O
463,O=CCOCCOCCOCCOCCOCC=O
464,O=CCOCCOCCOCCOCCOCCOCC=O
465,OCCOCCOCCOCCOCCO
466,CCc1cn(CC=O)nn1
467,CCCc1cn(CC=O)nn1
468,CCCCCc1cn(CC=O)nn1
469,CCOCc1cn(CC=O)nn1
470,CCNC(=O)COCCOCCOCC=O
471,CCNC(=O)COCCOCCOCCOCCOCC=O
472,CCNC(=O)COCCCCCOCCOCCCCCOCC=O
473,CCNC(=O)COCCCCCCOCC=O
474,CCNC(=O)COCCOCCOCCOCCOCCOCC=O
475,CCNC(=O)COCCOCCOCCOCCOCCOCCOCCOCCOCC=O
476,CCNC(=O)COCCOCCOCCOCC=O
477,CCNC(=O)COCCOCCOCCOCCOCC
478,CCCCC(=O)NCC
479,CCNC(=O)COCCOCCOCCS
480,CCNC(=O)COCCOCCOCCOCCOCCS
481,CCNC(=O)CCCCS
482,NCCCNC(=O)c1ccccc1
483,COc1cc(N)cc(OC)c1OCC(=O)NCCN
484,COc1cc(N)cc(OC)c1OCC(=O)NCCCN
485,COc1cc(N)cc(OC)c1OCC(=O)NCCCCN
486,COc1cc(N)cc(OC)c1OCC(=O)NCCCCCN
487,COc1cc(N)cc(OC)c1OCC(=O)NCCCCCCN
488,NCCNC(=O)COc1ccc(N)cc1
489,NCCCCNC(=O)COc1ccc(N)cc1
490,NCCCCCCNC(=O)COc1ccc(N)cc1
491,Nc1ccc(/N=N/c2ccc(NC(=O)CO)cc2)cc1
492,NCc1ccc(/N=N/c2ccc(NC(=O)CO)cc2)cc1
493,NCCc1ccc(/N=N/c2ccc(NC(=O)CO)cc2)cc1
494,Nc1c-c2c(-cc1)/N=N\c1ccc(NC(=O)CO)cc1CC2
495,O=C(CO)Nc1ccc(/N=N/c2ccc(NC(=O)CO)cc2)cc1
496,COc1cc(N)cc(OC)c1OCC(=O)NCCCNC(=O)CO
497,COc1cc(N)cc(OC)c1OCC(=O)NCCCCNC(=O)CO
498,COc1cc(N)cc(OC)c1OCC(=O)NCCCCCNC(=O)CO
499,COc1cc(N)cc(OC)c1OCC(=O)NCCCCCCNC(=O)CO
500,Nc1ccc(OCC(=O)NCCNC(=O)CO)cc1
501,O=Cc1ccc(/N=N/c2ccccc2)cc1
502,COc1ccc(/N=N/c2ccc(C=O)cc2)cc1
503,CCOc1ccc(/N=N/c2ccc(C=O)cc2)cc1
504,CCCOc1ccc(/N=N/c2ccc(C=O)cc2)cc1
505,CCCCOc1ccc(/N=N/c2ccc(C=O)cc2)cc1
506,Cc1cn(CCCCCO)nn1
507,O=CCCCCc1cn(CCO)nn1
508,O=CCCCCc1cn(CCCO)nn1
509,O=CCCCCc1cn(CCCCO)nn1
510,O=CCCCCc1cn(CCCCCO)nn1
511,O=CCCCCc1cn(CCCCCCO)nn1
512,O=CCCCCc1cn(CCCCCCCO)nn1
513,O=CCCCCc1cn(CCCCCCCCO)nn1
514,O=CCCCCc1cn(CCCCCCCCCO)nn1
515,O=CCCCCc1cn(CCCCCCCCCCO)nn1
516,O=CCCCCc1cn(CCCCCCCCCCCO)nn1
517,O=CCCCCc1cn(CCCCCCCCCCCCO)nn1
518,O=CCCc1cn(CCCO)nn1
519,O=CCCCc1cn(CCCO)nn1
520,O=CCCCCc1cn(CCOCCO)nn1
521,O=CCCCCc1cn(CCOCCOCCO)nn1
522,NCCOCCOCCOCCNC(=O)CO
523,NCCOCCOCCOCCOCCNC(=O)CO
524,NCCOCCCOCCCOCCNC(=O)CO
525,NCCOCCOCCNC(=O)CO
526,CC(=O)NCCOCCOCCC=O
527,CCOCCC=O
528,CCCOCCC=O
529,CC(=O)NCCOCCC=O
530,COCCOCCN
531,O=CCCCC=O
532,CCCOCC=O
533,CCOCCn1ccnn1
534,CCOCCOCCOCCn1ccnn1
535,CC(=O)NCCOCCN
536,CC(=O)NCCOCCOCCN
537,CC(=O)NCCCCCCN
538,CC(=O)NCCOCCOCCOCCN
539,CC(=O)NCCOCCOCCOCCOCCOCCN
540,CCCCCCCCNC(=O)CO
541,CCCNC(=O)CO
542,CCNC(=O)CO
543,CCCCNC(=O)CN
544,CCNC(=O)CN
546,CCOCCn1cc(C(N)=O)nn1
547,CCOCCOCCn1cc(C(N)=O)nn1
548,CCOCCOCCOCCn1cc(C(N)=O)nn1
558,CC(=O)NCCOCCOCCOCCNC(=O)CO
559,CC(=O)NCCCCNC(=O)CO
560,CCOCCOCCOCCC=O
561,CCOCCOCCOCCOCCC=O
562,CCOCCOCCOCCOCCOCCC=O
563,COCCOCCNC(=O)CON
564,COCCOCCOCC(=O)NCCCO
565,NCCOCCOCCNC(=O)CON
566,O=CCOCCn1cc(CNC=O)nn1
567,O=CCOCCOCCn1cc(CNC=O)nn1
568,O=CCOCCOCCOCCn1cc(CNC=O)nn1
569,O=CCOCCOCCOCCOCCn1cc(CNC=O)nn1
570,CCCOCCCOCCC=O
571,CCCOCCCOCCC(=O)NCCO
572,NC(=O)CCC(=O)NCCCC=O
573,NC(=O)CCCCCNC(=O)CCC(=O)NCCCC=O
574,NC(=O)CCC(=O)NCCCCCC=O
575,NCc1cn(CCCC=O)nn1
576,NCc1cn(CCCCCC=O)nn1
577,NCCOCCOCCOCCC=O
578,NCCOCCOCCOCCOCCOCCOCCOCCC=O
579,C#CC
580,C#CCCC(=O)NCC=O
581,C#CCCCC(=O)NCC=O
582,C#CCCCCC(=O)NCC=O
583,C#CCCCCC=O
584,CCNC(=O)CCOCCOCC
585,CCOCCOCCOCCOCCn1cc(CCCO)nn1
586,CCOCCn1cc(CCCO)nn1
587,CCOCCn1cc(CCCCO)nn1
588,CCOCCn1cc(CCCCCO)nn1
589,CCOCCOCCn1cc(CCCO)nn1
590,CCOCCOCCn1cc(CCCCO)nn1
591,CCOCCOCCn1cc(CCCCCO)nn1
592,CCOCCOCCOCCn1cc(CCCO)nn1
593,CCOCCOCCOCCn1cc(CCCCO)nn1
594,CCOCCOCCOCCn1cc(CCCCCO)nn1
595,CCOCCOCCOCCOCCn1cc(CCCCO)nn1
596,CCOCCOCCOCCOCCn1cc(CCCCCO)nn1
597,CCOCCOCCOCCOCCOCCn1cc(CCCO)nn1
598,CCOCCOCCOCCOCCOCCn1cc(CCCCCO)nn1
599,CCCCCCCn1cc(CO)nn1
600,CCCCCCn1cc(CCCO)nn1
601,CCCCCCCn1cc(CCCO)nn1
602,CCCCCCCn1cc(CCCCO)nn1
603,CCCCCCCn1cc(CCCCCO)nn1
604,CCCCCCCn1cc(CCCCCCO)nn1
605,CCCCCCCn1cc(CCCCCCCO)nn1
606,C#CCOCCn1cc(CCCO)nn1
607,C#CCOCCCn1cc(CCCO)nn1
608,C#CCOCCCCn1cc(CCCO)nn1
609,C#CCOCCCCCn1cc(CCCO)nn1
610,C#CCOCCCCCCn1cc(CCCO)nn1
611,C#CCOCCCCCCCn1cc(CCCO)nn1
612,CCCOCCn1cc(CCCO)nn1
613,CCCOCCCn1cc(CCCO)nn1
614,CCCOCCCCn1cc(CCCO)nn1
615,CCCOCCCCCn1cc(CCCO)nn1
616,CCCOCCCCCCn1cc(CCCO)nn1
617,CCCOCCCCCCCn1cc(CCCO)nn1
618,NC(=O)CCCn1cc(COCCOCCO)nn1
619,NC(=O)CCCn1cc(COCCOCCOCCO)nn1
620,NC(=O)COCCOCCO
621,NC(=O)COCCOCCOCCOCCO
622,NC(=O)CCCO
623,NC(=O)CCCCO
624,NC(=O)CCCCCO
625,NC(=O)CCCCCCO
626,CCOCCOCc1cn(CCCC(N)=O)nn1
627,CCOCCOCCOCc1cn(CCCC(N)=O)nn1
628,CCCOCCOCCOCCOCC(N)=O
629,CCCc1cn(CC)nn1
630,CCCc1cn(CCOCC)nn1
631,CCCc1cn(CCOCCOCC)nn1
632,CCCc1cn(CCOCCOCCOCC)nn1
633,CCCc1cn(CCOCCOCCOCCOCC)nn1
634,CCc1cn(CC)nn1
635,CCOCCn1cc(CC)nn1
636,CCOCCOCCn1cc(CC)nn1
637,CCOCCOCCOCCn1cc(CC)nn1
638,CCOCCOCCOCCOCCn1cc(CC)nn1
639,CCn1cc(CCCC(N)=O)nn1
640,CCOCCOCCn1cc(CCCC(N)=O)nn1
641,CCOCCOCCOCCn1cc(CCCC(N)=O)nn1
642,CCOCCOCCOCCOCCn1cc(CCCC(N)=O)nn1
643,CCCc1cn(CCCC(=O)NCCOCCOCC)nn1
644,CCCCCCNC(=O)CCCn1cc(CCC)nn1
645,CCCCCNC(=O)CCCn1cc(CCC)nn1
646,CCNC(=O)CCCn1cc(C)nn1
647,CCCNC(=O)CCCn1cc(C)nn1
648,CCCNC(=O)CCCn1cc(CC)nn1
649,CCCCNC(=O)CCCn1cc(C)nn1
650,CCCc1cn(CCCC(=O)NCC)nn1
651,CCCCNC(=O)CCCn1cc(CC)nn1
652,CCCNC(=O)CCCn1cc(CCC)nn1
653,CCCCNC(=O)CCCn1cc(CCC)nn1
654,CCCCNC(=O)C(CCn1cc(CCC)nn1)N(C(=O)[O-])C(C)(C)C
655,CCCCNC(=O)C([NH3+])CCn1cc(CCC)nn1
656,NCCNC(=O)CCCC=O
657,O=CCCCC(=O)N1CCNCC1
658,NCCCCNC(=O)CCCC=O
659,NCCCNC(=O)CCC=O
660,NCCCCCNC(=O)CCCC=O
661,O=CCCC(=O)N1CCNCC1
662,NCCNC(=O)COCC=O
663,CCNC(=O)COCCOCC
664,CCNC(=O)COCCOCCOCCOCC
665,CCCCCOCCOC
666,CCCCCOCC
667,CCOCCCCC=O
668,C#CCOCCOCCOCC
669,C#CCCCCCC
670,CCCCCCCCC
671,CCCCCOC
672,CCCN1CCC(CC)CC1
673,CCCN1CCN(CC)CC1
674,CCCC#Cc1cnn(CC)c1
675,CCC#Cc1cnn(C)c1
676,CCCCc1cnn(C)c1
677,CCCCCCCCCC
678,CCCCCCCCCCC
679,C#Cc1ccc(CCCCCC)nc1
680,C#Cc1ccc(N2CCN(CCC)CC2)nc1
681,C#Cc1ccc(N2CCN(CCCC)CC2)nc1
682,C#Cc1ccc(N2CCN(CC)CC2)nc1
683,C#Cc1ccc(N2CCN(C)CC2)nc1
684,C#Cc1ccc(N2CCNCC2)nc1
685,C#CC1CCN(C2CCNCC2)CC1
686,CCCCCCCO
687,CCCOCC
688,COCc1cn(CCN)nn1
689,COCCOCc1cn(CCN)nn1
690,COCCOCCOCc1cn(CCN)nn1
691,COCCOCCOCCOCc1cn(CCN)nn1
692,COCCOCCOCCOCCOCc1cn(CCN)nn1
693,CO
694,CCOCCOCCOCCNC(=O)CC
695,CCCc1cn(CCOCCOCCOCCOCCNC(C)=O)nn1
696,CCCCOCCOCCOCC
697,CCCCCCOCCCCCOCCCC
698,CCCCCCOCCCCCCOCCCCC
699,CCCCCOCCCCOCCCCOCCCC
700,CCCCCCOCCOCCOCCOCCOCCOCCCCC
701,CCCCCCOCCCCOCCCCOCCCCOCCCCC
702,CCCOCCOCC
703,CCCOCCCOCC
704,CCCCOCCCCOC
705,CCCCOCCCC
706,CCCOCCCOCCC
707,CCCCCCCCNC(C)=O
708,CC(=O)NCCOCCOCC(=O)NCCOCCO
709,CC(=O)NCCOCCO
710,CC(=O)NCCOCCOCC(=O)NCCOCCOCC(=O)NCCOCCO
711,COCCCCOCCCOc1ccc(N)cc1
712,OCCOCCOCCOCCOCCOCCO
713,CCn1cc(C)nn1
714,COCCOCCOCCN
715,NCC=O
716,O=CCCC(=O)NCC=O
717,O=CCCCC(=O)NCC=O
718,CCOCCOCCn1cc(C=O)nn1
719,CCOCCOCCOCCn1cc(C=O)nn1
720,CCOCCOCCOCCOCCn1cc(C=O)nn1
721,CCOCCOCCOCCn1nncc1C=O
722,CCOCCOCCOCCOCCn1nncc1C=O
723,CC(=O)NCCOCCOCCn1cc(CCCC=O)nn1
724,CC(=O)NCCOCCOCCOCCn1ccnn1
725,CC(=O)NCCOCCOCCOCCn1cc(C=O)nn1
726,CC(=O)NCCOCCOCCOCCOCCn1cc(C=O)nn1
727,CCCCCCCCCCCn1cc(C=O)nn1
728,CCCCCn1cc(CCCC=O)nn1
729,CCCCCn1cc(C=O)nn1
730,COCCOCCOCCO
731,COCCCOCCCCCO
732,COCCCCOc1ccccc1
733,CCC(=O)NCCCOCCOCCO
734,CCCOC
735,CCCOCCC(=O)NCCO
736,CCOCCOCCC(=O)NCCO
737,CCOCCOCCOCCOCCC(=O)NCCO
738,CCCCCOCCOCC
739,CCCCCOCCCCOCCCC
740,CCCCCCOCCOCC=O
741,Cc1cn(CCCCCC=O)nn1
742,Cc1cn(CCCCCCC=O)nn1
743,Cc1cn(CCCCCCCC=O)nn1
744,Cc1cn(CCCCCCCCCC=O)nn1
745,CCCCCO
746,O=CCCCNC(=O)CCC=O
747,O=CCCCCCNC(=O)CCC(=O)NCCCC=O
748,O=CCCCCCNC(=O)CCC=O
749,Cc1cn(CCCC=O)nn1
750,CCCOCCCN
751,CCCCOCCN
752,CCCCCCOCCOCCOCCCCCC=O
753,CCCCCCOCCCCCOCCCCCC=O
754,CCCCCCOCCOCCOCCOCCOCCOCC=O
755,CCCCCCOCCOC
756,CCCCCCOCCOCCOCCCCC
757,CCCCCCOCCCCCOCCCCC
758,CCCCCCOCCOCCOCCOCCOCCOC
759,COCCCOCCN
760,COCCOCCOCCOCCN
761,COCCOCCOCCNC(C)=O
762,NCCOCCOCCOCCOCCOCCOCCOCCOCCOCCNC(=O)CO
763,NCCO
764,NCCCCCCCCO
765,C#CC1CN(C2CCNCC2)C1
766,C#CC1CCN(C2CNC2)CC1
767,C#CC1CCNCC1
768,C1CC(C2CNC2)CCN1
769,C1CN(C2CCNCC2)C1
770,C1CCNCC1
771,C1CNCCN1
772,CCCNC(C)=O
773,CCOCCn1cc(C=O)nn1
774,CCOCCn1cc(CC=O)nn1
775,CCCn1cc(CCC=O)nn1
776,CCn1cc(CCCC=O)nn1
777,CCOCCOCCOCCOCCOCCOCC
778,CCC(=O)NCCOCCn1cc(C)nn1
779,CCC(=O)NCCOCCOCCn1cc(C)nn1
780,CCC(=O)NCCOCCOCCOCCn1cc(C)nn1
781,CCC(=O)NCCOCCOCCOCCOCCn1cc(C)nn1
782,Cc1cn(CCOCCN)nn1
783,Cc1cn(CCOCCOCCN)nn1
784,Cc1cn(CCOCCOCCOCCN)nn1
785,Cc1cn(CCOCCOCCOCCOCCN)nn1
786,CCC(=O)NCCOCCOCCOC
787,CCC(=O)NCCOCCOCCOCCOC
788,COCCOCCOCCNC(=O)CO
789,COCCOCCOCCOCCNC(=O)CO
790,COCCOCCOCCNC=O
791,COCCOCCOCCOCCNC=O
792,CNCCOCCOCCOC
793,CNCCOCCOCCOCCOC
794,COCCOCCOCCOCCNC(C)=O
795,O=CCOCCOCCOCCOCCNC=O
796,CNCCOCCOCCOCC=O
797,CNCCOCCOCCOCCOCC=O
798,CC(=O)NCCOCCOCCOCC=O
799,CC(=O)NCCOCCOCCOCCOCC=O
800,CCC(=O)NCCOCCOCCOCC=O
801,CCC(=O)NCCOCCOCCOCCOCC=O
802,O=CCOCCOCCOCCNC(=O)CO
803,O=CCOCCOCCOCCOCCNC(=O)CO
804,O=CNCCOCCOCCOCCO
805,O=CNCCOCCOCCOCCOCCOCCO
806,CNCCOCCOCCOCCOCCOCCO
807,CNCCOCCOCCOCCO
808,CC(=O)NCCOCCOCCOCCOCCOCCO
809,CCC(=O)NCCOCCOCCOCCO
810,CCC(=O)NCCOCCOCCOCCOCCOCCO
811,O=C(CO)NCCOCCOCCOCCOCCOCCO
812,CCCCCCCCCCCCCCC=O
813,CCCCCCCCCCCCC=O
814,CCCn1cc(CCCC=O)nn1
815,CCCC(=O)NCC=O
816,CCCCCCCCC(=O)NCCCCC=O
817,CCCCCCCCC(=O)NCCCCC
818,C#CCCCCCCCC
819,C#CCCCn1cccn1
820,C#Cc1cnn(CCC)c1
821,C#CC1CCN(CC)CC1
822,C#CC1CCN(C(C)=O)CC1
823,CCCCCCNC(=O)CCCCCN
824,O=CCCCCCCCCCCC=O
825,NCCCCCCCCCCCC=O
826,CCOCCNC(=O)CC
827,CCOCCOCCOCCOCCOCCNC(=O)CC
828,CCC(=O)NCCCCCCCCO
829,COCCCOCC=O
830,CCOCCOCCNC=S
831,CCOCCOCCOCc1cn(CCCC=O)nn1
832,CCOCCOCc1cn(CCCCCCC=O)nn1
833,CCOCCOCCOCc1cn(CCCCCCC=O)nn1
834,CCCCCCCn1cc(COCCOCC)nn1
835,CCCCCCCn1cc(COCCOCCOCC)nn1
836,CCOCCNC(=O)CON
837,CCOCCOCCNC(=O)CON
838,CCOCCOCCOCCNC(=O)CON
839,CCCCCCNC(C)=O
840,CCCCCCNC(=O)CO
841,CCOCCOCCOCCOCCNC=O
842,O=CCCCn1cc(COCCOCCOCC=O)nn1
843,Cc1cn(CCCCC=O)nn1
844,CCCCCNC(=O)CO
845,CCCCCCCCCCCNC(=O)CO
846,NCCOCCOCCOCC(=O)NCCCO
847,NCCCCCCCCCCC=O
848,CCCCCCCCCO
849,COCCOCCOCCOCCO
850,COCCOCCOCCOCCOCCOCCO
851,CCOCCOCCOCCOCCOCCOCC=O
852,Cc1cn(CCOCC=O)nn1
853,Cc1cn(CCOCCOCCOCC=O)nn1
854,Cc1cn(CCOCCOCCOCCOCC=O)nn1
855,CCc1ccc(C)cc1
856,CCOc1ccc(C)cc1
857,CCCC(=O)NCCCCO
858,O=CCCCCNC(=O)CCCC=O
859,CC(=O)NCCOCCOCCOCCOCCC=O
860,C#CCCCCCCCCCC
861,C#CCN1CCC2(CC1)CCN(c1ncccn1)CC2
862,COCCOCCOCCNC(=O)CON
863,COc1ccc(/C=N/NC=O)cc1
864,CCCOc1ccc(/C=N/NC=O)cc1
865,CCCCOc1ccc(/C=N/NC=O)cc1
866,CCCCCOc1ccc(/C=N/NC=O)cc1
867,CCCCCCOc1ccc(/C=N/NC=O)cc1
868,CCCCCCCOc1ccc(/C=N/NC=O)cc1
869,COCCOc1ccc(/C=N/NC=O)cc1
870,COCCOCCOc1ccc(/C=N/NC=O)cc1
871,COCCOCCOCCOc1ccc(/C=N/NC=O)cc1
872,COCCOCCOCCOCCOc1ccc(/C=N/NC=O)cc1
873,COCCOCCOCCOCCOCCOc1ccc(/C=N/NC=O)cc1
874,COCCOCCOCCOCCOCCOCCOc1ccc(/C=N/NC=O)cc1
875,C#CCNC(=O)COc1ccc(/C=N/NC=O)cc1
876,C#CCNC(=O)CCCOc1ccc(/C=N/NC=O)cc1
877,C#CCNC(=O)CCCCOc1ccc(/C=N/NC=O)cc1
878,C#CCNC(=O)CCCCCOc1ccc(/C=N/NC=O)cc1
879,C#CCNC(=O)CCCCCCOc1ccc(/C=N/NC=O)cc1
880,C#CCNC(=O)CCCCCCCOc1ccc(/C=N/NC=O)cc1
881,C#CCNC(=O)COCCOc1ccc(/C=N/NC=O)cc1
882,C#CCNC(=O)COCCOCCOc1ccc(/C=N/NC=O)cc1
883,C#CCNC(=O)COCCOCCOCCOc1ccc(/C=N/NC=O)cc1
884,C#CCNC(=O)COCCOCCOCCOCCOc1ccc(/C=N/NC=O)cc1
885,C#CCNC(=O)COCCOCCOCCOCCOCCOc1ccc(/C=N/NC=O)cc1
886,C#CCNC(=O)COCCOCCOCCOCCOCCOCCOc1ccc(/C=N/NC=O)cc1
887,COc1ccc(/C=N/N)cc1
888,CCCOc1ccc(/C=N/N)cc1
889,CCCCOc1ccc(/C=N/N)cc1
890,CCCCCOc1ccc(/C=N/N)cc1
891,CCCCCCOc1ccc(/C=N/N)cc1
892,CCCCCCCOc1ccc(/C=N/N)cc1
893,COCCOc1ccc(/C=N/N)cc1
894,COCCOCCOc1ccc(/C=N/N)cc1
895,COCCOCCOCCOc1ccc(/C=N/N)cc1
896,COCCOCCOCCOCCOc1ccc(/C=N/N)cc1
897,COCCOCCOCCOCCOCCOc1ccc(/C=N/N)cc1
898,COCCOCCOCCOCCOCCOCCOc1ccc(/C=N/N)cc1
899,CCCOc1ccc(CCNC=O)cc1
900,CCCCOc1ccc(CCNC=O)cc1
901,CCCCCOc1ccc(CCNC=O)cc1
902,CCCCCCOCCOCCOC
903,CCCCCCOCCOCCOCCOC
904,CCCCCCOCCCCCCOC
905,CCOc1ccc(OC)cc1
906,CCOCCOCCOCCOCCNC(=O)CCN
907,NCCCc1cn(COCCOCCOCCC=O)nn1
908,NCCOCCOCCOCCc1cn(COCCOCCOCCC=O)nn1
909,CCCN(C)CCCN
910,CCN1CCN(CCN)CC1
911,CCCN1CCN(CCCN)CC1
912,CCCCN1CCN(CCCCN)CC1
913,CCOCCN1CCN(CCOCCN)CC1
914,COCCO
915,CCNC(=O)COCCOCCOC
916,CCNC(=O)COCCOCCOCCOC
917,CCNC(=O)COCCOCCOCCOCCOC
918,CCNC(=O)COCCOCCOCCOCCOCCOC
919,CCNC(=O)COCCOCCOCCOCCOCCOCCOCCOCCOC
920,CCNC(=O)COCCCCCCOC
921,CCNC(=O)COCCCCCOCCOCCCCCOC
922,CCOCCOCCn1cc(COCC)nn1
923,CCOCCOCCn1cc(CCCC=O)nn1
924,CCN1CCN(c2ncc(C=O)cn2)CC1
925,CCCN1CCN(c2cnc(C=O)cn2)CC1
926,CCOCCOCCOCCOCCOCCOCCC=O
927,CCOCCOCCOCCOCCOCCOCCOCCC=O
928,CCOCCOCCOCCOCCOCCOCCOCCOCCOCCC=O
929,O=CCCOCCOCCC(=O)NCCCO
930,O=CCCOCCOCCOCCC(=O)NCCCO
931,O=CCCOCCOCCOCCOCCOCCC(=O)NCCCO
932,O=CCCOCCOCCOCCC(=O)NCCO
933,O=CCCOCCOCCOCCOCCOCCOCCC(=O)NCCO
934,O=CCCOCCOCCOCCOCCOCCOCCC(=O)NCCCO
935,O=CCCOCCOCCOCCOCCOCCOCCOCCOCCOCCC(=O)NCCCO
936,O=CCCOCCOCCOCCOCCOCCn1cc(CO)nn1
937,COCCOCCOCCOC
938,COCCOCCOCCOCCOC
939,COCCOCCOCCOCCOCCOC
940,CC(=O)NCCOCCOCCOCCOCCOCCn1cc(C)nn1
941,CCCCc1cn(CCOCC)nn1
942,CCCCc1cn(CCOCCOCC)nn1
943,CCCCc1cn(CCOCCOCCOCC)nn1
944,CCCCc1cn(CCOCCOCCOCCOCC)nn1
945,NCCC=O
946,CCCCOCCOCCOCCOCCN
947,CCOCCOCCOCCOCCN
948,CCCCNC(=O)COCCOCCOCCOCC=O
949,O=CCOCCOCCOCCOc1ccc(O)cc1
950,NCCOCCOCCOCCNC=O
951,CCCOCCOCCOCC
952,CCOc1ccc(OCCO)cc1
953,CCOc1cccc(OCCO)c1
954,CCOc1ccccc1OCCO
955,CCCCC(=O)NC
956,CCCC(=O)NC
957,CCCCCC(=O)NC
958,CCOCCC(=O)NC
959,CCCCCCC(=O)NC
960,CCCCCCCC(=O)NC
961,CCOCCOCCC(=O)NC
962,CCOCCOCCOCCC(=O)NC
963,CCOCCOCCOCCOCCC(=O)NC
964,CCOCCOCCOCCOCCOCCC(=O)NC
965,CCOCCOCCOCCOCCOCCn1cc(CCCCO)nn1
966,CCCCCCNCCC
967,CCCCCCCCCCNCCC
968,CCCNCCOCCOCCOC
969,CCCNCCOCC
970,CCCNCC
971,Cc1cn(CCO)nn1
972,Cc1cn(CCCO)nn1
973,Cc1cn(CCCCO)nn1
974,Cc1cn(CCCCCCO)nn1
975,CCc1cn(CCO)nn1
976,CCc1cn(CCCO)nn1
977,CCc1cn(CCCCO)nn1
978,CCCc1cn(CCO)nn1
979,CCCc1cn(CCCO)nn1
980,CCCc1cn(CCCCO)nn1
981,CCCCc1cn(CCO)nn1
982,CCCCc1cn(CCCO)nn1
983,CCCCc1cn(CCCCO)nn1
984,CCCCc1cn(CCCCCO)nn1
985,CCCCc1cn(CCCCCCO)nn1
986,CCCCc1cn(CCCCCCCO)nn1
987,CCCCc1cn(CCCCCCCCO)nn1
988,CCCCc1cn(CCCCCCCCCO)nn1
989,CCCCc1cn(CCCCCCCCCCO)nn1
990,CCCCc1cn(CCCCCCCCCCCO)nn1
991,CCCCc1cn(CCCCCCCCCCCCO)nn1
992,CCCCc1cn(CCOCCO)nn1
993,CCCCc1cn(CCOCCOCCO)nn1
994,CC(=O)NCCCCCCCCNC(=O)CO
995,CC(=O)NCCCOCCOCCOCCCNC(=O)CO
996,CC(=O)NCCCCCCO
997,CC(=O)N1CCC(C2CCN(C(=O)CO)CC2)CC1
998,CCNC(=O)CCOCC
999,CCNC(=O)CCOCCOCCO
1000,CCNC(=O)CCOCCOCCOCCOCCO
1001,CCNC(=O)CCOCCOCCOCCOCCOCCOCCOCCOCCO
1002,CCNC(=O)CCCCCO
1003,CCNC(=O)CCCCCCCO
1004,CCNC(=O)CCCCCCCCO
1005,CCCOCCOCCOCCCNC=O
1006,O=CNCCOCCOCCOCCNC(=O)CO
1007,O=CNCCOCCCOCCCOCCNC(=O)CO
1008,O=CNCCOCCOCCNC(=O)CO
1009,O=CNCCCCCCNC(=O)CO
1010,O=CCCC(=O)NCCCCCCCCNC(=O)CO
1011,CCCNC(=O)CCOCCOCC
1012,NCCCNC(=O)CCCC=O
1013,O=CCCCn1cc(COCCOCCO)nn1
1014,O=CCCCn1cc(COCCOCCOCCO)nn1
1015,O=CCCCO
1016,O=CCCCCO
1017,CCCCc1cn(CCOCCOCCOCCOCCOCC)nn1
1018,CCCCC(=O)NCCOCCOCCOCC
1019,CCCCCC(=O)NCCOCCOCCOCC
1020,CCCCc1cn(CCOCCOCCOCCC)nn1
1021,CCCCc1cn(CCOCCOCCOCCOCCC)nn1
1022,CCOCCOCCOCCOCCOCCOCCOCC
1023,NCCCOCCOCCOCCCNC(=O)CO
1024,NCCCCCCO
1025,OCCn1cc(CNCc2ccccc2)nn1
1026,OCCCn1cc(CNCc2ccccc2)nn1
1027,OCCCCn1cc(CNCc2ccccc2)nn1
1028,OCCCCCn1cc(CNCc2ccccc2)nn1
1029,OCCCCCCn1cc(CNCc2ccccc2)nn1
1030,OCCCCCCCn1cc(CNCc2ccccc2)nn1
1031,CCCOCCOCCOCCOCCOCCOCCOCCOCC
1032,CCOCCOCCNC(=O)CC
1033,O=CNCCOCCOCCO
1034,CCCCCCOCCOCC
1035,CCCCCCOCCOCCOCCOCCO
1036,CCc1cn(CCOCCOCCOCCOCCOCCO)nn1
1037,CCc1cn(CCOCCOCCOCCO)nn1
1038,CCc1cn(CCOCCOCCO)nn1
1039,CCc1cn(CCOCCO)nn1
1040,CCc1cn(CCOCCOCCOCCOC(=O)NCCO)nn1
1041,CCc1cn(CCOCCOCCOC(=O)NCCO)nn1
1042,CCc1cn(CCOCCOC(=O)NCCO)nn1
1043,CCc1cn(CCOCCOCCOCCOCCOCCOC(=O)NCCO)nn1
1044,CCCOCCOCCOCCCNC(=O)CO
1045,CCCCCCCCNC(=O)c1ccc(C)cc1
1046,COCCOCCOCCn1cc(CC=O)nn1
1047,CN(CC=O)CCNC(=O)CO
1048,O=CCNCCOCCOCCOCCNC(=O)CO
1049,O=CCNCCCCNC(=O)CO
1050,CC(=O)NCCN(C)CC=O
1051,CCCCCOCCCOC
1052,COCCCOCCN1CCCCC1
1053,COCCCCCO
1054,COCCCCCN
1055,COCCc1ccccc1
1056,COCc1ccccc1
1057,CCCOCCCCCO
1058,CCCCCOc1ccccc1
1059,CCOCCOCCOCCOCCOc1ccc(N)cc1
1060,CCOCCOc1ccc([C@H](C)N)cc1
1061,CCOCCN1CCCCC1CNC=O
1062,CCNCCOCCN
1063,CCCOCCOCCN(C)C=O
1064,CCCOCCOCCN
1065,NCCOCCOCCN1CCCCC1
1066,CCOCCN1CCOC(CNC)C1
1067,CCCOCCOCCN(C)C
1068,CCCOCCN(C)C
1069,CN1CCN(CCOCCOCCO)CC1
1070,CN1CCN(CCOCCOCCOCCO)CC1
1071,CN1CCN(CC2CCNCC2)CC1
1072,CN1CCN(CC2CCC(O)CC2)CC1
1073,COCCCOCCO
1074,COCCCOCCCO
1075,COCCOCCC(F)(F)CCO
1076,COCCOCCCCCO
1077,COCCOCCOCCOCCN(C)C(=O)CCN
1078,COCCOCCOCCOCCOCCN(C)C(=O)CCN
1079,CCOCCOCCOCCN(C)C(=O)CCN
1080,CN(CCOCCOCCOCCOCCO)C(=O)CCN
1081,CCNC(=O)CC=O
1082,CCCNC(=O)CC=O
1083,CCCCNC(=O)CC=O
1084,CCCCCNC(=O)CC=O
1085,CCCCCCNC(=O)CC=O
1086,CCCCCCCNC(=O)CC=O
1087,CCCCCCCCNC(=O)CC=O
1088,CCCCCCCCCNC(=O)CC=O
1089,CCCCCCCCCCNC(=O)CC=O
1090,CCCCCCCCCCCNC(=O)CC=O
1091,CCCCCCCCCCNC(=O)CCC=O
1092,CCCCCCCCCCCNC(=O)CCC=O
1093,CCCCCCCCCCCNC(=O)CCCC=O
1094,COCCOCCOCCNC(=O)CCC=O
1095,CCOCCOCCOCCNC(=O)CCC=O
1096,CCOCCOCCOCCOCCNC(=O)CCC=O
1097,CCCCCCCCCCN1CCN(CC=O)CC1
1098,CCCCCCCCCCCN1CCN(CC=O)CC1
1099,CCCCCCCCN1CCN(C(=O)CCC=O)CC1
1100,CCCCCCCCCN1CCN(C(=O)CCC=O)CC1
1101,CCCCCCCOc1ccc(NC(=O)CCC=O)cc1
1102,CCCCN1CCN(CCCCNC(=O)CCC=O)CC1
1103,CCCCCOc1ccc(/N=N/c2ccc(C=O)cc2)cc1
1104,CCCCCCOc1ccc(/N=N/c2ccc(C=O)cc2)cc1
1105,O=Cc1cc(F)c(/N=N/c2c(F)cccc2F)c(F)c1
1106,COc1cc(N=N)cc(OC)c1OCC(=O)NCCN
1107,COc1cc(N=N)cc(OC)c1OCC(=O)NCCCN
1108,COc1cc(N=N)cc(OC)c1OCC(=O)NCCCCN
1109,COc1cc(N=N)cc(OC)c1OCC(=O)NCCCCCN
1110,COc1cc(N=N)cc(OC)c1OCC(=O)NCCCCCCN
1111,N=Nc1ccc(OCC(=O)NCCN)cc1
1112,N=Nc1ccc(OCC(=O)NCCCCN)cc1
1113,N=Nc1ccc(OCC(=O)NCCCCCCN)cc1
1114,Nc1ccc2c(c1)CCc1cc(NC(=O)CO)ccc1/N=N\2
1115,COc1cc(N=N)cc(OC)c1OCC(=O)NCCCNC(=O)CO
1116,COc1cc(N=N)cc(OC)c1OCC(=O)NCCCCNC(=O)CO
1117,COc1cc(N=N)cc(OC)c1OCC(=O)NCCCCCNC(=O)CO
1118,COc1cc(N=N)cc(OC)c1OCC(=O)NCCCCCCNC(=O)CO
1119,N=Nc1ccc(OCC(=O)NCCNC(=O)CO)cc1
1120,CCOCCOC[C@@H](N)COCCOCCOC
1121,CCOC[C@@H](N)COCCOCCOC
1122,COCCCOCCCCO
1123,COCC(F)(F)C(F)(F)C(F)(F)COCCCO
1124,COCCCOc1ccccc1
1125,COCC(F)(F)COc1ccccc1
1126,COCCCOCC(F)(F)C(F)(F)CO
1127,COCCOCCO
1128,O[C@H]1C[C@H](OCCCN2CCNCC2)C1
1129,CN1CCN(CCN2CCC(O[C@H]3C[C@H](O)C3)CC2)CC1
1130,O=CC1CNC1
1131,CCCCOCCCOC
1132,COCCCOCCCCOc1ccccc1
1133,NCCOCCOCCOCCNC(=O)c1ccccc1
1134,CCOCCn1cc(CCCC=O)nn1
1135,CCOCCOCCOCCn1cc(CCCC=O)nn1
1136,CCOCCOCCOCCOCCn1cc(CCCC=O)nn1
1137,CCOCCOCCOCCNC(=O)c1ccccc1
1138,CCCNC(=O)c1ccccc1
1139,CCCCc1cn(CCCC(=O)NCCOCCOCC)nn1
1140,CCCCc1cn(CCCC(=O)NCCOCCOCCNC=O)nn1
1141,CCCCCCNC(=O)CCCn1cc(CCCC)nn1
1142,CCCCCNC(=O)CCCn1cc(CCCC)nn1
1143,CCNC(=O)CCCn1cc(CC)nn1
1144,CCCCc1cn(CCCC(=O)NCC)nn1
1145,CCCCc1cn(CCCC(=O)NCCC)nn1
1146,CCCCNC(=O)CCCn1cc(CCCC)nn1
1147,CCCCNC(=O)[C@H](CCn1cc(CCCC)nn1)NC(=O)OC(C)(C)C
1148,CCCCNC(=O)[C@@H]([NH3+])CCn1cc(CCCC)nn1.[Cl-]
1149,CCOCCOCCOCCOCCOCCOCCOCCOCCO
1150,CCCCOCC
1151,CCCNC(=O)CCCNC(=O)CO
1152,CCCNC(=O)CCCCCNC(=O)CO
1153,CCCCCNC(=O)CCCNC(=O)CO
1154,CCCCCNC(=O)CCCCCNC(=O)CO
1155,CCCCCNC(=O)CCCNC(C)=O
1156,CCCCCNC(=O)CCCCCNC(C)=O
1157,CCCCCCC(=O)NCC
1158,CCCCCCCCC(=O)NCC
1159,CCCCCCCCCC(=O)NCC
1160,CCCCCCCCCCC(=O)NCC
1161,CCCCCCCCCCCC(=O)NCC
1162,CCCCCCCCCCCCC(=O)NCC
1163,CCCCCCCCCCC(=O)NCCCC
1164,CCCCCCCCCCC(=O)NCCCCCC
1165,CCCCCCCCCCC(=O)NCCOCC
1166,CCCCCCCCCCC(=O)NCCOCCOCC
1167,CCCCCCCCCCC(=O)NCCCOCCOCCOCCC
1168,CCCCCCCCCCC(=O)NCCN
1169,CCCCCCCCCCC(=O)NC
1170,CCCCCCCCCCC(=O)NCCC
1171,CCCCCCCCCCC(=O)NCCCCC
1172,CCC(=O)NCCOCCOC
1173,CCOCCOCCOCCOCCNC(=O)CC
1174,CCC(=O)N1CCC(CN2CCNCC2)CC1
1175,CCC(=O)N1CCC(CCN2CCNCC2)CC1
1176,CCCNC
1177,CCCNCCC
1178,CCCCNCCC
1179,CCCCCNCCC
1180,CCCCCCCNCCC
1181,CCCCCCCCNCCC
1182,CCCCCCCCCNCCC
1183,CCCNCCOC
1184,CCCNCCOCCOC
1185,CCCNCCOCCOCC
1186,CCCNCCOCCOCCOCC
1187,CCCNCCOCCOCCOCCOCC
1188,CCCCCCCCCCCNCCC
1189,CCCCCCCCCCN(C)CCC
1190,CCCCCCCCCNCCCC
1191,CCCCCCCCCCNCCCC
1192,CCCCCCCCCCCNCCCC
1193,CCCNCCOCCOCCOCCOCCOCC
1194,CCCNCCCN
1195,CCCNCCCCN
1196,CCCNCCCCCN
1197,CCCNCCCCCCN
1198,CCCNCCCCCCCN
1199,CCCNCCCCCCCCN
1200,CCCNCCOCCN
1201,CCCNCCOCCOCCN
1202,CCCNCCOCCOCCOCCN
1203,CCCNCCOCCOCCOCCOCCN
1204,CCCNCCOCCOCCOCCOCCOCCN
1205,CCCCCCO
1206,CCCCCCCCO
1207,CCCCCCCCCCO
1208,CCCCCCCCCCCO
1209,CCCCCCCCCCCCO
1210,COCCOCCOCCOCCOCC=O
1211,CCOc1cc(N)cc(CCOC)c1
1212,CCOc1cc(O)cc(CCOC)c1
1213,COCCc1cc(N)cc(OCCN)c1
1214,COC[C@@H]1CNC[C@H](COCCN)C1
1215,C#CCOCCOCCc1cc(N)cc(CC)c1
1216,COCC#CC#CCN
1217,CCOCCn1cc(CNC=O)nn1
1218,CCOCCOCCn1cc(CNC=O)nn1
1219,CCOCCOCCOCCn1cc(CNC=O)nn1
1220,CCOCCOCCOCCOCCn1cc(C(N)=O)nn1
1221,CCCCCCCCn1cc(C(N)=O)nn1
1222,C#CCOCCOCCn1cc(C(N)=O)nn1
1223,C#CCOCCCCCn1cc(C(N)=O)nn1
1224,C#CCCCCCCCn1cc(C(N)=O)nn1
1225,CCCOCCOCCn1cc(C(N)=O)nn1
1226,CCCOCCCCCn1cc(C(N)=O)nn1
1227,CCCCCCCCCn1cc(C(N)=O)nn1
1228,CCOCCOCCOCCOCCOCCOCCOCCOCCOCC
1229,CCOCCOCCOCCOCCOCCn1cc(C)nn1
1230,O=CCOCCn1ccnn1
1231,O=CCOCCOCCn1ccnn1
1232,O=CCOCCOCCOCCn1ccnn1
1233,NC(=O)COCCOCCNC(=O)CO
1234,CCCO
1235,NC1CCNCC1
1236,O=Cc1ccc(N2CCN(CCCCCCCCCO)CC2)cc1
1237,CCCCCCCCCN1CCN(c2ccc(C=O)cc2)CC1
1238,CCCCCCCCN1CCN(c2ccc(C=O)cc2)CC1
1239,CCCCCCCN1CCN(c2ccc(C=O)cc2)CC1
1240,CCCCN1CCN(c2ncc(C=O)cn2)CC1
1241,CCCN1CCN(c2ncc(C=O)cn2)CC1
1242,CCCCCN1CCN(c2ncc(C=O)cn2)CC1
1243,CCCCCCN1CCN(c2ncc(C=O)cn2)CC1
1244,CCCCCCCN1CCN(c2ncc(C=O)cn2)CC1
1245,NCCCCCCN1CCN(c2ncc(C=O)cn2)CC1
1246,NCCCCCN1CCN(c2ncc(C=O)cn2)CC1
1247,NCCCCN1CCN(c2ncc(C=O)cn2)CC1
1248,NCCCN1CCN(c2ncc(C=O)cn2)CC1
1249,NCCCCCCCN1CCN(c2ncc(C=O)cn2)CC1
1250,O=Cc1ccc(C#CC2CCN(C3CCNCC3)CC2)cc1
1251,NCCCCCCCCN1CCN(c2ccc(C=O)cc2)CC1
1252,NCCCCCCCCCN1CCN(c2ccc(C=O)cc2)CC1
1253,NCCCCCN1CCN(c2ccc(C=O)cc2)CC1
1254,NCCCCCCN1CCN(c2ccc(C=O)cc2)CC1
1255,NCCCCCCCN1CCN(c2ccc(C=O)cc2)CC1
1256,COCCN1CCN(c2ccc(C=O)cc2)CC1
1257,CN1CCN(c2ccc(C=O)cc2)CC1
1258,CCN1CCN(c2ccc(C=O)cc2)CC1
1259,COCCN1CCN(c2ccc(C=O)nn2)CC1
1260,COCCN1CCN(c2ccc(C=O)cn2)CC1
1261,COCCN1CCN(c2cnc(C=O)cn2)CC1
1262,COCCN1CCN(c2ncc(C=O)cn2)CC1
1263,COCCN1CCN(c2ccc(C=O)nc2)CC1
1264,C#CCOCC
1265,CCCCCCCCn1cc(CO)nn1
1266,CCOCCOCCn1cc(CO)nn1
1267,CCOCCOCCOCCn1cc(CO)nn1
1268,CC(=O)NCCNC(=O)CO
1269,CC(=O)NCCCNC(=O)CO
1270,CC(=O)NCCCCCNC(=O)CO
1271,CC(=O)NCCCCCCNC(=O)CO
1272,CC(=O)NCCOCCNC(=O)CO
1273,NCCCCCO
1274,NCCCCCCCNC(=O)CO
1275,C#CCCC(N)=O
1276,C#CCCCC(N)=O
1277,C#CCCCCC(N)=O
1278,NCCOCCOCCO
1279,CCCCCCCCNC(=O)CC
1280,CCC(=O)NCCCCNCC=O
1281,CCC(=O)NCCCCCCNCC=O
1282,CCC(=O)NCCCCCCCCNCC=O
1283,CCC(=O)NCCOCCNCC=O
1284,CCC(=O)NCCOCCOCCNCC=O
1285,CCC(=O)NCCOCCOCCOCCNCC=O
1286,CCC(=O)NCCCCNCCC=O
1287,CCC(=O)NCCCCCCNCCC=O
1288,CCC(=O)NCCOCCNCCC=O
1289,CCC(=O)NCCOCCOCCNCCC=O
1290,CCC(=O)NCCCCNC(=O)CO
1291,CCC(=O)NCCCCCCNC(=O)CO
1292,CCC(=O)NCCCCCCCCNC(=O)CO
1293,CCC(=O)NCCOCCNC(=O)CO
1294,CCC(=O)NCCOCCOCCNC(=O)CO
1295,CCC(=O)NCCOCCOCCOCCNC(=O)CO
1296,CCOCCOCCN(C)CC=O
1297,CCOCCOCCOCCN(C)CC=O
1298,CCOCCOCCOCCOCCN(C)CC=O
1299,NCCOCCOCCOCCOCCC=O
1300,CCOCCNC(=O)CO
1301,CCOCCOCCNC(=O)CO
1302,CCOCCOCCOCCOCCNC(=O)CO
1303,CCC(N)=O
1304,CCCCCCCCC(N)=O
1305,CCCOCCCCOCCCNC(=O)CCC=O
1306,CCOCCOCCOCCOCCOCCOCCOCCOCCC=O
1307,CCCOCCOCCOCCCNC(=O)CCC=O
1308,CCCNC(=O)CCOCCOCCOCC
1309,CCCNC(=O)CCOCCOCCOCCOCC
1310,CCCNC(=O)CCOCCOCCOCCOCCOCC
1311,CCCNC(=O)CCOCCOCCOCCOCCOCCOCC
1312,CCCNC(=O)CCOCCOCCOCCOCCOCCNC(=O)CCOCCOCCOCCOCCOCC
1313,CCOCCOCCOCCOCCC(=O)N1CCCCC1
1314,CCOCCOCCOCCC(=O)N1CCCCC1
1315,CCOCCOCCOCCC(=O)N1CC(C)C1
1316,CCCCCCCCCC(=O)N1CCN(Cc2ccc(C)cc2)CC1
1317,CCCCCCCCCC(=O)N1CCNCC1
1318,CCCOCCCCOCCCNC(C)=O
1319,CCOCc1cn(CCOCCOCCC=O)nn1
1320,C#CCOCCOCCOCCOCCC=O
1321,OCCOCCO
1322,OCc1cnc(CO)cn1
1323,CCOCCn1cc(COCC)nn1
1324,CCOCCOCCOCCn1cc(COCC)nn1
1325,CN1CCNCC1
1326,CC(=O)NCCCN(C)C(C)C
1327,CC(=O)NCCCCN(C)C(C)C
1328,CC(=O)NCCOCCN(C)C(C)C
1329,CC(=O)NCCOCCOCCN(C)C(C)C
1330,CC(=O)NCCOCCOCCOCCN(C)C(C)C
1331,CC(=O)NCCN(C)C(C)C
1332,CCCCN(C)C(C)C
1333,CCCN(C)C(C)C
1334,CC(C)N(C)CCCNC(=O)CO
1335,CC(=O)NCCCN(C)C
1336,CCCN(C)CCCNC(C)=O
1337,CC(=O)NCCOCCN(C)C
1338,CCCN(C)CCOCCNC(C)=O
1339,CC(=O)NCCCN(C)C(C)(C)CCC#N
1340,CN(C)CCOCCNC(=O)CN
1341,CCCN(C)CCOCCNC(=O)CN
1342,CC(C)N(C)CCOCCNC(=O)CN
1343,CNC(=O)CCCC=O
1344,O=CCN1CCC(CNC=O)CC1
1345,CC1CCN(C=O)CC1
1346,NCCCCCC(N)=O
1347,C1CC(CCN2CCNCC2)CCN1
1348,C1CC(OCCN2CCNCC2)CCN1
1349,OCCCCCN1CCNCC1
1350,C1CC(CN2CCN(CC3CCNCC3)CC2)CCN1
1351,C1CC(CCN2CCC3(CCNCC3)CC2)CCN1
1352,C1CC(CN2CCOC3(CCNCC3)CC2)CCN1
1353,C1CC(CCN2CCOC3(CCNCC3)CC2)CCN1
1354,C1CC2(CCN1)CC(CN1CC3(CCNCC3)C1)C2
1355,C1CC(CN2CCNCC2)CCN1
1356,OC1CCC2(CC1)CCN(CC1CCNCC1)CC2
1357,CCOc1ccc(CC)cc1
1358,CCCOc1ccc(C)cc1
1359,CCCc1ccc(C)cc1
1360,CCc1ccc(C)c(F)c1
1361,NCCCNC(=O)CCCCCCNC(=O)CO
1362,CCCCCCCC(=O)NCCCN
1363,CCCCCCCNC(=O)CO
1364,OCCCCCn1cc(CN2CCNCC2)nn1
1365,OCCN1CCNCC1
1366,OCCCN1CCNCC1
1367,OCCCCCCN1CCNCC1
1368,CCCCN1CCNCC1
1369,CCCCCN1CCNCC1
1370,CCCCCn1cc(CN2CCNCC2)nn1
1371,CCOCCNC(=O)CCOCCOCC
1372,CCCN1CCN(CCNC(=O)CCOCCOCC)CC1
1373,CCOCCOCCOCCOCCC(=O)Nc1cccc(C)c1
1374,O=CCCCCCCCNC(=O)CO
1375,CCOCCOCCNC(=O)CN
1376,CCCOCCOCCOCCNC(=O)CO
1377,CCCNC(=O)CCCCCCNC(=O)CO
1378,O=CCCCCCCNC(=O)CO
1379,O=C(CO)NCCCCCCC(=O)NCCO
1380,CCOCCOCCOCCNC(=O)CN
1381,CCOCCNC(=O)CN
1382,CCOCCOCCC(N)=O
1383,CCOCCOCCOCCOCCC(N)=O
1384,CC(N)=O
1385,CCOCCNC(=O)CCC=O
1386,CCOCCOCCNC(=O)CCC=O
1387,NCCOCCNC(=O)CCC=O
1388,NCCOCCOCCNC(=O)CCC=O
1389,NCCOCCOCCOCCNC(=O)CCC=O
1390,NCCCOCCOCCOCCCNC(=O)CCC=O
1391,CCCCCCCCNC(=O)CCC=O
1392,CCCCCCCCCNC(=O)CCC=O
1393,CCCCCCCCCCCCNC(=O)CCC=O
1394,CCCCCCCCCCCCCNC(=O)CCC=O
1395,CCOCCNC=O
1396,CCOCCOCCOCCOCCOCCNC=O
1397,CCOCCOCCOCCOCCOCCOCCOCCNC=O
1398,Cc1ccc(CNC=O)cc1
1399,NCCOCCNC=O
1400,NCCOCCOCCOCCOCCOCCOCCOCCNC=O
1401,NCc1ccc(CNC=O)cc1
1402,CCOCCOCCOCCOCCOCCOCCO
1403,CCOCCOCCOCCOCCOCCOCCOCCO
1404,CCN1CCNCC1
1405,CCCN1CCNCC1
1406,C1CN(C2CNC2)CCN1
1407,C1CN(CC2CNC2)CCN1
1408,C1CC(N2CCNCC2)CCN1
1409,O=CN1CCN(C2CNC2)CC1
1410,O=CN1CCN(CC2CNC2)CC1
1411,O=CN1CCN(C2CCNCC2)CC1
1412,O=CN1CCN(CC2CCNCC2)CC1
1413,C1CN(C2CC3(CNC3)C2)CCN1
1414,C1CN(CC2CC3(CNC3)C2)CCN1
1415,C1CN(C2CC3(CCNC3)C2)CCN1
1416,C1CN(CC2CC3(CCNC3)C2)CCN1
1417,C1CN(C2CCC3(CCNCC3)CC2)CCN1
1418,C1CN(C2CCC3(CC2)CNC3)CCN1
1419,C1CC2(C1)CCNCC2
1420,C1CCC2(CC1)CCNCC2
1421,COCCCCCOCCN
1422,COCCCCCOCCO
1423,CCCCCCOCC
1424,CCCCCCCCOCC
1425,C#CCCCCCC=O
1426,C#CCCCCCCCC=O
1427,C#CCCCCCCCCCC=O
1428,CC1CCN(c2ncc(C=O)cn2)CC1
1429,CCC1CCN(c2ncc(C=O)cn2)CC1
1430,CCCC1CCN(c2ncc(C=O)cn2)CC1
1431,CCCN1CCN(c2ccc(C=O)cc2)CC1
1432,CCN1CCN(c2ccc(C=O)cn2)CC1
1433,CCCN1CCN(c2ccc(C=O)cn2)CC1
1434,CCN1CCN(c2cnc(C=O)cn2)CC1
1435,CCCN1CCN(c2cnc(C(N)=O)cn2)CC1
1436,CCCN1CCN(c2cnccn2)CC1
1437,CCCN1CCN(C(=O)c2cncnc2)CC1
1438,CCCCCCCCC(=O)NC
1439,CCCCCCCCCC(=O)NC
1440,CCCCCCCCCCCC(=O)NC
1441,Cc1cn(CCCCCCCCC=O)nn1
1442,Cc1cn(CCCCCCCCCCC=O)nn1
1443,Cc1cn(CCOCCOCCOCCOCCOCC=O)nn1
1444,CCCCn1cc(C)nn1
1445,CCCCCCCn1cc(C)nn1
1446,CCCCCCCCn1cc(C)nn1
1447,CCCCCCCCCn1cc(C)nn1
1448,CCCCCCCCCCn1cc(C)nn1
1449,COCCOCCOCCOCCOCCn1cc(C)nn1
1450,CCCCCc1cn(CCOCCOC)nn1
1451,CCCCCCCCOC
1452,COCCCCCCOC
1453,COCCCCCCCCCOC
1454,COCCOC
1455,COCCOCCOC
1456,CCCN1CCN(CCC)CC1
1457,CCCCNC(=O)CCCC
1458,CCCCCCCC(=O)NCCCC
1459,COCCCO
1460,COCCOCCNC=O
1461,NC(=O)CCCCCCNC(=O)CO
1462,NC(=O)CCCCCCCO
1463,NC(=O)CCCCCCCCO
1464,CCCOCCOCCO
1465,NC(=O)COCCOCCOCCO
1466,NC(=O)CCCCCCCCCO
1467,CCCCCN1CCN(CCCCCC(N)=O)CC1
1468,CCCCCN1CCN(CCCC(N)=O)CC1
1469,CCCN1CCN(CCCCCC(N)=O)CC1
1470,CCCN1CCN(CCCC(N)=O)CC1
1471,CCCCCN1CCN(C(N)=O)CC1
1472,CCC(=O)NCCOC
1473,CCCCCCCCCNC(=O)CC
1474,CCCCCCCNC(=O)CC
1475,CCCNCCCC(=O)NCCOC
1476,CCCNCCCC(=O)NCCOCC
1477,CCCNCCCC(=O)NCCOCCOC
1478,CCCNCCCC(=O)NCCOCCOCC
1479,CCCNCCCC(=O)NCCOCCOCCOC
1480,CCCNCCCC(=O)NCCOCCOCCOCC
1481,CCCNCCCC(=O)NCCOCCOCCOCCOCC
1482,CCCNCCCC(=O)NCCOCCOCCOCCOCCOCC
1483,CCCNCCCC(=O)NC
1484,CCCNCCCC(=O)NCC
1485,CCCNCCCC(=O)NCCC
1486,CCCCNC(=O)CCCNCCC
1487,CCCCCNC(=O)CCCNCCC
1488,CCCCCCNC(=O)CCCNCCC
1489,CCCCCCCNC(=O)CCCNCCC
1490,CCCCCCCCNC(=O)CCCNCCC
1491,CCCCCCCCCNC(=O)CCCNCCC
1492,CCCCCCCCCCNC(=O)CCCNCCC
1493,CCCC(=O)N(C)CCN(C)C
1494,CCCCCC(=O)N(C)CCN(C)C
1495,CCCCCCC(=O)N(C)CCN(C)C
1496,CCCCCCCN(C)C
1497,CCCCCCCCCN(C)C
1498,CCCCCCC(=O)NCCOCCOC
1499,CCCCCCNC(=O)CCCCCC
1500,CCCCCC(=O)NC(C)C
1501,CCCCCCC(=O)NC(C)C
1502,CCCNC(=O)CCC
1503,CCCCC(=O)NCCC
1504,CC1CCN(C)CC1
1505,CCN1CCC(C)CC1
1506,CCCN1CCC(C)CC1
1507,CCCCCC(=O)NCCCC
1508,CCCCCCC(=O)NCCCC
1509,CCCCNC(=O)c1ccc(C)cc1
1510,CCCc1cn(CCOC)nn1
1511,O=CCCCCCCC=O
1512,O=CCS
1513,O=CC[SH](=O)=O
1514,CCS
1515,C#CCOCCOCC
1516,C#CCOCCOCCOCCOCC
1517,C#CCOCCOCCOCCOCCOCC
1518,C#CCOCCOCCOCCOCCOCCOCC
1519,C#CCN
1520,C#CCCN
1521,C#CCCCN
1522,C#CCOCCN
1523,C#CCOCCOCCN
1524,C#CCOCCOCCOCCN
1525,C#CCOCCOCCOCCOCCN
1526,C#CCOCCOCCOCCOCCOCCN
1527,C#CCOCCOCCOCCOCCOCCOCCN
1528,NCCCCCCCCCCNC(=O)CO
1529,NCCCCCCCCCCCCNC(=O)CO
1530,CCCc1cn(CCOCCOCCOCCNC(C)=O)nn1
1531,CCCn1cc(COCCOCCOCCO)nn1
1532,CCCCc1cn(CCC)nn1
1533,CCCn1cc(COCCOCCOCCOC)nn1
1534,CCOCCOCCOCCOCCOCCOCCn1cc(C)nn1
1535,CCOCCOCCOCCOCCOCCn1cc(CC)nn1
1536,CCOCCOCCOCCOCCOCCOCCn1cc(CC)nn1
1537,CCCCc1cn(CCOCCOCCOCCOCCOCCOCC)nn1
1538,CCCc1cn(CCOCCOCCOCCOCCOCC)nn1
1539,CCCc1cn(CCOCCOCCOCCOCCOCCOCC)nn1
1540,CCCC(=O)NCC
1541,CCCCCC(=O)NCC
1542,CCCCCCCC(=O)NCC
1543,CCCC(=O)NCc1ccccc1
1544,CCCCC(=O)NCc1ccccc1
1545,CCCCCC(=O)NCc1ccccc1
1546,CCCCCCC(=O)NCc1ccccc1
1547,CCCCCCCC(=O)NCc1ccccc1
1548,C#Cc1ccccc1
1549,C#CCCC(=O)Nc1ccccc1
1550,C#CCCCC(=O)Nc1ccccc1
1551,C#CCCCCC(=O)Nc1ccccc1
1552,C#CCOc1ccccc1
1553,C#CCCOc1ccccc1
1554,CCOCCOCCOCCOCCOCCN
1555,CCOCCOCCOCCOCCOCCOCCN
1556,CCOCCOCCOCCOCCOCCOCCOCCN
1557,NCCOCCOCCOCCOCCOCCNC=O
1558,CCCCNC(=O)c1ccc(N)cc1
1559,Nc1ccc(C(=O)NCCCCO)cc1
1560,Nc1ccc(C(=O)NC2CCNCC2)cc1
1561,Nc1ccc(C(=O)NCCN2CCNCC2)cc1
1562,NCCCCNC(=O)c1ccc(N)cc1
1563,Nc1ccc(C(=O)NCCCN2CCNCC2)cc1
1564,Nc1ccc(C(=O)NCCCN2CC3CC2CN3)cc1
1565,Nc1ccc(C(=O)NCCCN2CCC3(CCNCC3)CC2)cc1
1566,CC(=O)NCCCO
1567,CC(=O)NCCCCCO
1568,COCc1cn(CCOCCOCCO)nn1
1569,NCc1cn(CCCCNC(=O)CO)nn1
1570,CC(=O)NCCCCn1cc(CN)nn1
1571,NCC(=O)NCCCCn1cc(CN)nn1
1572,Cc1cn(CC(N)=O)nn1
1573,NC(=O)Cn1cc(CCC=O)nn1
1574,NC(=O)Cn1cc(CCCC=O)nn1
1575,NC(=O)Cn1cc(CCCCC=O)nn1
1576,NC(=O)CCn1cc(CCCCC=O)nn1
1577,NC(=O)CCCc1cn(-c2ccc(CC=O)cc2)nn1
1578,Cc1cn(CCC(N)=O)nn1
1579,NC(=O)CCn1cc(CCCC=O)nn1
1580,CC(=O)NCc1cn(-c2ccc(CC=O)cc2)nn1
1581,CCCCCCCCCC(N)=O
1582,c1ccccc1
1583,CCNC(=O)c1ccccc1
1584,CCCCNC(=O)c1ccccc1
1585,CCCCCNC(=O)c1ccccc1
1586,CCCCCCNC(=O)c1ccccc1
1587,CCCCCCCNC(=O)c1ccccc1
1588,COCCNC(=O)c1ccccc1
1589,COCCOCCNC(=O)c1ccccc1
1590,COCCOCCOCCNC(=O)c1ccccc1
1591,COCCOCCOCCOCCNC(=O)c1ccccc1
1592,COCCOCCOCCOCCOCCNC(=O)c1ccccc1
1593,COCCOCCOCCOCCOCCOCCNC(=O)c1ccccc1
1594,Cc1cn(CCC=O)nn1
1595,Cc1cn(CC=O)nn1
1596,Cc1cn(C(C)C=O)nn1
1597,CCCc1cn(CCC=O)nn1
1598,CCCc1cn(CCCC=O)nn1
1599,CCCc1cn(CCCCC=O)nn1
1600,CCCc1cn(CCCCCC=O)nn1
1601,CCCc1cn(C(C)C=O)nn1
1602,CCCCc1cn(CCC=O)nn1
1603,CCCCc1cn(CCCC=O)nn1
1604,CCCCc1cn(CCCCC=O)nn1
1605,CCCCc1cn(CCCCCC=O)nn1
1606,CCCCc1cn(CC=O)nn1
1607,CCCCc1cn(C(C)C=O)nn1
1608,CCOCCOCCOCCC(=O)OCC
1609,CCOC(=O)CCOCCOCCn1cc(C)nn1
1610,CCC(=O)NCCCNC(=O)CO
1611,CCNC(=O)CN1CCN(C(=O)CC)CC1
1612,CCCNC(=O)CN1CCN(C(=O)CC)CC1
1613,CCCCNC(=O)CN1CCN(C(=O)CC)CC1
1614,CCCCCNC(=O)CN1CCN(C(=O)CC)CC1
1615,CCCCCCNC(=O)CN1CCN(C(=O)CC)CC1
1616,CCNC(=O)CN1CCN(C=O)CC1
1617,CCCNC(=O)CN1CCN(C=O)CC1
1618,CCCCNC(=O)CN1CCN(C=O)CC1
1619,CCCCCCNC(=O)CN1CCN(C=O)CC1
1620,CCOCCOCCOCCOCCOCCNC(=O)CO
1621,O=C(CO)NCCOCCOCCOCCO
1622,O=C(CO)NCCOCCOCCOCCOCCOCCOCCOCCO
1623,CCCCCNC(=O)CCC
1624,CCCCCCCNC(=O)CCC
1625,CCCCCCCCCCNC(=O)CCC
1626,CCCC(=O)NCCOCCOCCOC
1627,CCCC(=O)NCCOCCOCCOCCOCC
1628,CCCCCCNC(=O)CCC
1629,CCCC(=O)NCCOCC
1630,CCCC(=O)NCCOCCOCC
1631,CCCC(=O)NCCOCCOCCOCC
1632,CCCC(=O)NCCOCCOCCOCCOCCOCC
1633,CCCC(=O)NCCOCCOCC(=O)NCC
1634,CCCC(=O)NCCOCCOCCOCC(=O)NCC
1635,CCCC(=O)NCCCC(=O)NCC
1636,CCCC(=O)NCCCCCC(=O)NCC
1637,CCCC(=O)NCCCCCCCC(=O)NCC
1638,CCCC(=O)NCCCCCCCCCCC(=O)NCC
1639,CC1CCN(C(=O)c2ccccc2)CC1
1640,CC1CCNCC1
1641,O=C(c1ccccc1)N1CCCCC1
1642,COC1(C)CCN(C(=O)c2ccccc2)CC1
1643,COC1(C)CCNCC1
1644,O=C(c1ccccc1)N1CCN(C2CNC2)CC1
1645,CC1CN(C(=O)c2ccccc2)C1
1646,CC1CNC1
1647,CC1(F)CCN(C(=O)c2ccccc2)CC1
1648,O=C(c1ccccc1)N1CCC2(CCC2)CC1
1649,O=CCN1CCN(C(=O)c2ccccc2)CC1
1650,CC(=O)N1CCN(C(=O)c2ccccc2)CC1
1651,COC=O
1652,CCCCCNC(=O)c1ccc(N)cc1
1653,CCCCCCNC(=O)c1ccc(N)cc1
1654,CCCNC(=O)c1ccc(N)cc1
1655,CCOCCNC(=O)c1ccc(N)cc1
1656,CCOCCOCCOCCOCCOCCOCCNC(=O)c1ccc(N)cc1
1657,CCOCCOCCOCCOCCOCCNC(=O)c1ccc(N)cc1
1658,CCOCCOCCOCCOCCNC(=O)c1ccc(N)cc1
1659,CCOCCOCCOCCOCCOCCn1ccnn1
1660,CCOCCOCCOCCOCCOCCOCCn1ccnn1
1661,CCc1ccc(N2CCNCC2)cc1
1662,CCCc1ccc(NC(C)=O)cc1
1663,CCN1CCN(C(C)=O)CC1
1664,CCN(C)CC1CCNCC1
1665,CCC1CCC(N2CCNCC2)CC1
1666,CCCN1CCN(C(C)=O)CC1
1667,CN(CC1CCN(C=O)CC1)C1CCC1
1668,CCN1CCC(OC2CCN(C=O)CC2)CC1
1669,O=CN1CCC(CN2CCCCC2)CC1
1670,O=CN1CCC(CN2CCC(O)CC2)CC1
1671,O=CN1CCC(CN2CCC[C@@H](F)C2)CC1
1672,O=C(C1CCNCC1)N1CCN(Cc2ccccc2)CC1
1673,c1ccc(OCCN2CCN(CC3CCNCC3)CC2)cc1
1674,c1ccc(OCCN2CCN(CCCC3CCNCC3)CC2)cc1
1675,CN1CCN(C(=O)CN2CCCCC2)CC1
1676,O=CN1CCC(C(=O)N2CCNCC2)CC1
1677,CCCC(=O)N1CCNCC1
1678,O=C(C1CCC1)N1CCNCC1
1679,O=C(CCCO)N1CCNCC1
1680,O=CCCCCCCCC=O
1681,O=CCCCCCCCCCC=O
1682,O=CCCCCCCCCCCCCCCC=O
1683,O=CCOCCOCC=O
1684,O=CCOCCOCCOCC=O
1685,CC(=O)NCCOCCOCCOCCNC(C)=O
1686,CC(=O)NCCOCCOCCNC(C)=O
1687,CC(=O)NCCOCCNC(C)=O
1688,CCCOCCOCCOCCCN
1689,CCCCCCCN1CCCCC1
1690,CNC(=O)COCCOCCOCCNC(C)=O
1691,CCOCCOCCOc1ccccc1
1692,CCOCCOCCOCCOc1ccccc1
1693,CCCCCCOc1ccccc1
1694,CCCCCCCCOc1ccccc1
1695,CCCCCCCCCCOc1ccccc1
1696,CCOCCOCC(=O)N1CCCCC1
1697,CCOCCOCCOCC(=O)N1CCCCC1
1698,CCCCCC(=O)N1CCCCC1
1699,CCCCCCCC(=O)N1CCCCC1
1700,CCCCCCCCCC(=O)N1CCCCC1
1701,O=C(c1ccc(C#CCOc2ccccc2)cc1)N1CCNCC1
1702,O=C(C1CCNCC1)N1CC[C@@H](Oc2ccccc2)C1
1703,O=C(C1CCNCC1)N1CC[C@H](Oc2ccccc2)C1
1704,CCCOCCOCCOCCn1ccnn1
1705,CCCCCCCCCCCNC=O
1706,CCOCCOCCOCCOCCOCCOCCOCCNC(=O)CC
1707,CCOCCOCCOCCOCCOCCOCCOCCOCCOCCOCCOCCNC(=O)CC
1708,CCC(=O)NCCOCCOCCO
1709,CCC(=O)NCCOCCOCCOCCOCCO
1710,CCC(=O)NCCCCCO
1711,CCC(=O)NCCCCCCO
1712,CCOCCOCCOCCOCCOCCOCCNC(=O)CC
1713,COCCOCCOCCOCCOCCN
1714,COCCOCCOCCOCCOCCOCCN
1715,NCCOCCOCCOCCOCCOCC=O
1716,CCCC(=O)N1CCN(C)CC1
1717,CCCCC(=O)N1CCN(C)CC1
1718,CCCCCC(=O)N1CCN(C)CC1
1719,CCCCCCC(=O)N1CCN(C)CC1
1720,CCCCCCCC(=O)N1CCN(C)CC1
1721,CCCCCCCCC(=O)N1CCN(C)CC1
1722,CCCCCCCCCC(=O)N1CCN(C)CC1
1723,OCc1ccccc1
1724,CCNC(=O)CCOCCOCCOCC
1725,CCNC(=O)CCOCCOCCOCCOCC
1726,CCNC(=O)CCOCCOCCOCCOCCOCC
1727,CC(=O)NCCCCCN
1728,CC(=O)NCCOCCOCCOCCOCCN
1729,CCCCCNC(=O)CCCC
1730,CCCCCCCCCNC(=O)CCCC
1731,CCCCC(=O)NCCOCCOCCOCCOCC
1732,CCCCC(=O)NCCOCCOCCOCCOCCOCC
1733,CCCCCCCCCCNC(=O)CCCC
1734,CCCCCCCN1CCN(C(=O)CCCC)CC1
1735,CCCCCCCCN1CCN(C(=O)CCCC)CC1
1736,CCCCCCCCCN1CCN(C(=O)CCCC)CC1
1737,CCCCCCCCCCN1CCN(C(=O)CCCC)CC1
1738,O=CNCCOCCOCCOCCOCCNC(=O)CO
1739,OCCCCO
1740,OCCCCCCO
1741,OCCCCCCCCO
1742,CNCCN(C)CCCCCCO
1743,CCOCCOCCOCCC(N)=O
1744,CCOCCOCCOCCC(=O)N(C)CCNC
1745,COCCCCCCO
1746,CCOCCCCCCO
1747,CCC(=O)N(C)CCNC
1748,CCC(=O)NCCCC(N)=O
1749,CCCn1cc(C)nn1
1750,CCCn1cc(CC)nn1
1751,CCCCCNC(=O)COc1c(OC)cc(N)cc1OC
1752,CCCOc1ccc(CNC(=O)CO)cc1
1753,CCCOc1ccc(CCNC(=O)CO)cc1
1754,CCCCOc1ccc(CCNC(=O)CO)cc1
1755,CCCCCOc1ccc(CCNC(=O)CO)cc1
1756,CCCCCCOc1ccc(CCNC(=O)CO)cc1
1757,CN1CCN(CC2CCN(C(=O)CO)CC2)CC1
1758,CN1CCN(CC2CCN(CC3CCN(C(=O)CO)CC3)CC2)CC1
1759,CN1CCN(CC2CCN(CC3CCN(C=O)CC3)CC2)CC1
1760,CC(=O)N1CCC(CN2CCC(CN3CCN(C)CC3)CC2)CC1
1761,CCC(=O)N1CCC(CN2CCC(CN3CCN(C)CC3)CC2)CC1
1762,O=CCCCCNC(=O)CO
1763,CCC1CCNCC1
1764,C1CNC1
1765,CC1(F)CCNCC1
1766,CC1(C)CCNCC1
1767,CC1(O)CCNCC1
1768,O=CC1CCNCC1
1769,NCC1CCN(C(=O)CO)CC1
1770,NCCCCCCCCCCCNC(=O)CO
1771,NC1CCN(C(=O)CO)CC1
1772,CCCC1CCNCC1
1773,CCCCC1CCNCC1
1774,CCCCCC1CCNCC1
1775,CCCCCCC1CCNCC1
1776,C1CN(CC2CCNCC2)C1
1777,CC1CN(CC2CCNCC2)C1
1778,C1CCN(CC2CCNCC2)CC1
1779,CC1CCN(CC2CCNCC2)CC1
1780,C1CCN(CC2CNC2)CC1
1781,CC1CCN(CC2CNC2)CC1
1782,CC1CN(C(=O)C2CCNCC2)C1
1783,O=C(C1CCNCC1)N1CCCCC1
1784,CC1CCN(C(=O)C2CCNCC2)CC1
1785,O=CC1CCN(CC2CCNCC2)CC1
1786,CC1CCN(C(=O)C2CNC2)CC1
1787,O=CC1CCN(CC2CNC2)CC1
1788,CC(=O)N1CC2(CNC2)C1
1789,CC(=O)N1CCC2(CNC2)C1
1790,CC(=O)N1CC2(CCNC2)C1
1791,CC(=O)N1CCC2(CC1)CNC2
1792,CC(=O)N1CC2(CCNCC2)C1
1793,CC(=O)N1CCC2(CCNC2)CC1
1794,CC(=O)N1CCC2(CCNCC2)C1
1795,CC(=O)N1CCC2(CCNCC2)CC1
1796,CC(=O)N1CCCC2(CCNCC2)C1
1797,O=CCN1CCC2(CCNCC2)CC1
1798,NCCNC(=O)COCCO
1799,CNCCNC(=O)COCCO
1800,CCCOCCOCCOCC(=O)NCCN
1801,CCCOCCOCCOCC(=O)NCCOCCOCCN
1802,CCCOCCOCCOCC(=O)N1CCC(CN2CCNCC2)CC1
1803,O=C(CO)N1CCCCC1
1804,CCC(=O)Nc1ccc(CC)cc1
1805,CCCCC(=O)Nc1ccc(CC)cc1
1806,CCCCCC(=O)Nc1ccc(CC)cc1
1807,CCCCCCC(=O)Nc1ccc(CC)cc1
1808,CCCCCCCC(=O)Nc1ccc(CC)cc1
1809,CCCCCCCCC(=O)Nc1ccc(CC)cc1
1810,CCCCCCCCCC(=O)Nc1ccc(CC)cc1
1811,CCCCCCCCCCC(=O)Nc1ccc(CC)cc1
1812,NCc1ccccc1
1813,Nc1ccccc1
1814,C1NCC12CNC2
1815,N
1816,Nc1ccc(-c2ccccc2)cc1
1817,CCCc1cn(C)nn1
1818,CCCCc1cn(C)nn1
1819,CCCCCc1cn(C)nn1
1820,CCCc1cn(CCCN)nn1
1821,CCCCc1cn(CCCN)nn1
1822,CCCCCc1cn(CCCN)nn1
1823,CCCCCCc1cn(CCCN)nn1
1824,CCCCCCCc1cn(CCCN)nn1
1825,CCOCCOCc1cn(CCCN)nn1
1826,CC1CCN(C(=O)CN)CC1
1827,CC1CCN(C(=O)CCN)CC1
1828,CC1CCN(C(=O)CCCN)CC1
1829,CC1CN(C2CCNCC2)C1
1830,CC1CCN(C2CCNCC2)CC1
1831,CC1CCN(CC2CN(C3CCNCC3)C2)CC1
1832,CC1CCN(CC2CN(CC3CCNCC3)C2)CC1
1833,CC1CCN(CC2CCN(C3CCNCC3)CC2)CC1
1834,CC1CCN(CC2CCN(CC3CCNCC3)CC2)CC1
1835,CC1CCN(C(=O)N2CCC3(CCNCC3)CC2)CC1
1836,CC1CCN(C(=O)c2ccc(N3CCNCC3)cc2)CC1
1837,CCCOCCOCCOCCOCCN1CCN([SH](=O)=O)CC1
1838,CCCOCCOCCN1CCN(C)CC1
1839,CCCOCCCN1CCN(C)CC1
1840,CC(=O)NCC(N)=O
1841,CC(=O)NCCCC(N)=O
1842,CC(=O)NCCCCCC(N)=O
1843,CC(=O)NCCCCCCCC(N)=O
1844,CC(=O)NCCCCCCCCCCC(N)=O
1845,CCCCCCCC(=O)N1CCC(CCC(N)=O)CC1
1846,CC(=O)NCCOCCOCC(N)=O
1847,CC(=O)NCCOCCOCCOCC(N)=O
1848,CCCCCCCC(=O)N1CCNCC1
1849,CCCCCCCC(=O)NCC1CCN(C=O)CC1
1850,CCCCCCCC(=O)N1CCC2(CCN(C=O)CC2)CC1
1851,CC(=O)N1CCC(CCC(=O)N2CCC3(CCN(C=O)CC3)CC2)CC1
1852,CCOCCOCC(=O)N1CCC2(CCN(C=O)CC2)CC1
1853,CCCC1CCN(CC)CC1
1854,CCCCCN1CCCCC1
1855,C1CCC(CN2CC3(CCCCC3)C2)CC1
1856,C1CCC(CN2CCC3(CCCCC3)CC2)CC1
1857,C1CCC(N2CC3(CCCCC3)C2)CC1
1858,C1CCC(N2CCC3(CCCCC3)CC2)CC1
1859,NC(=O)COCCN1CCN(CC=O)CC1
1860,NC(=O)COCCOCCN1CCN(CC=O)CC1
1861,NC(=O)COCCN1CCN(CCCC=O)CC1
1862,NC(=O)COCCOCCN1CCN(CCCC=O)CC1
1863,NC(=O)CCC(=O)N1CCN(CCCC=O)CC1
1864,NC(=O)CCC(=O)N1CCN(CC=O)CC1
1865,NC(=O)CCCC(=O)N1CCN(CC=O)CC1
1866,C#CCN1CCN(CC=O)CC1
1867,C#CCN1CCN(CC2CCN(CC=O)CC2)CC1
1868,C#CCN1CCN(C2CCN(CC=O)CC2)CC1
1869,C#CCN1CCN(c2ccc(C=O)cn2)CC1
1870,Cc1ccc(C#CC2CCNCC2)nc1
1871,O=Cc1ccc(N2CCNCC2)nc1
1872,O=CCN1CCN(CC2CCNCC2)CC1
1873,O=CCN1CCN(CC2CNC2)CC1
1874,CC1CN(CC2CNC2)C1
1875,NC(=O)CCCCCCCNC(=O)CO
1876,CCCCCc1cn(CCCCO)nn1
1877,CCc1cn(CCCCCCCCO)nn1
1878,CCCCCc1cn(CCCCCO)nn1
1879,CCCCCCc1cn(CCCCO)nn1
1880,CCCCCCc1cn(CCCCCCCCO)nn1
1881,CCCCCCCc1cn(CCCCCCCO)nn1
1882,CCCCCCCCCCc1cn(CCCCO)nn1
1883,CCCCCc1cn(CCCCCCCO)nn1
1884,COCCNC(=O)c1ccc(=O)n(CCOC)c1
1885,COCCOCCNC(=O)c1ccc(=O)n(CCOCCOC)c1
1886,COCCOCCOCCNC(=O)c1ccc(=O)n(CCOCCOCCOC)c1
1887,COCCOCCOCCOCCNC(=O)c1ccc(=O)n(CCOCCOCCOCCOC)c1
1888,NCCCCCCNC(=O)c1ccc(=O)n(CCCCCCN)c1
1889,NCCOCCNC(=O)c1ccc(=O)n(CCOCCN)c1
1890,NCCOCCOCCNC(=O)c1ccc(=O)n(CCOCCOCCN)c1
1891,NCCOCCOCCOCCNC(=O)c1ccc(=O)n(CCOCCOCCOCCN)c1
1892,NCCOCCOCCOCCOCCNC(=O)c1ccc(=O)n(CCOCCOCCOCCOCCN)c1
1893,CCCOCCCCOCCCN
1894,c1ccncc1
1895,c1cscn1
1896,Cc1ccncc1
1897,CCc1ccncc1
1898,CC(=O)N1CCN(CCN)CC1
1899,CC(=O)N1CCNCC1
1900,C=C
1901,CCOCCOCCOCc1cn(CCOCCOC)nn1
1902,Cc1cn(CCOCCOCCOCCn2cc(CO)nn2)nn1
1903,CCOCCCOCC
1904,CCOCCCOCCCOCC
1905,O=CN1CCC(N2CCNCC2)CC1
1906,O=CN1CCCN(C2CCNCC2)CC1
1907,O=CN1CCCN(C2CCNCC2)CCC1
1908,O=CN1CC2CC(C1)CN(C1CCNCC1)C2
1909,O=CN1CC2(C1)CN(C1CCNCC1)C2
1910,O=CN1CCC2(C1)CN(C1CCNCC1)C2
1911,O=CN1CCCN(C2CNC2)CC1
1912,O=CN1CC2(C1)CN(C1CNC1)C2
1913,O=CN1CCC(CN2CCNCC2)CC1
1914,O=CN1CC2(CNC2)C1
1915,O=CN1C[C@@H]2C[C@H]1CN2C1CNC1
1916,O=CN1C[C@H]2C[C@@H]1CN2C1CNC1
1917,O=CN1CCC(C2CNC2)CC1
1918,N#CC1(N2CCN(C=O)CC2)CNC1
1919,O=CN1CC(N2CCNCC2)C1
1920,O=C(CO)N1CCNCC1
1921,NCCCO
1922,NCCCCCCCCN
1923,NCCCCO
1924,CC(N)CCO
1925,CN1CCN(CCC2CNC2)CC1
1926,O=CCCCCCCCCCCCO
1927,O=CCCCCCCCCCCCCCO
1928,O=CCCCCCCCCCCCCCCCO
1929,O=CCCCCCCCCCCCCCCCCCO
1930,O=CCCOCCOCCCO
1931,Cc1ccc(C2CCNCC2)cc1
1932,CC1CCNC1
1933,CC1CC2(CNC2)C1
1934,O=CCc1ccc(N2CCNCC2)cc1
1935,O=CCC1CCNCC1
1936,O=CCC1CCNC1
1937,O=CCC1CNC1
1938,O=CCC1CC2(CNC2)C1
1939,O=Cc1ccc(C2CCNCC2)cc1
1940,O=CC1CCNC1
1941,O=CC1CC2(CNC2)C1
1942,CC(=O)NCCNC(C)=O
1943,CC(=O)NCCCNC(C)=O
1944,CC(=O)NCCCCNC(C)=O
1945,CC(=O)NCCCCCCNC(C)=O
1946,CC(=O)NCCCCCCCCNC(C)=O
1947,CC(=O)NCCCCCCCCCCNC(C)=O
1948,CCC(=O)NCCNC(C)=O
1949,CCC(=O)NCCCNC(C)=O
1950,CCC(=O)NCCCCNC(C)=O
1951,CCC(=O)NCCCCCNC(C)=O
1952,CCC(=O)NCCOCCNC(C)=O
1953,CCC(=O)NCCOCCOCCNC(C)=O
1954,CCC(=O)NCCOCCOCCOCCNC(C)=O
1955,CC(=O)NCCCCCCCCC=O
1956,CC(=O)NCCCCCCCCCC=O
1957,C1CC(C2CCNCC2)CCN1
1958,NC1CC2(CCNCC2)C1
1959,NC1CCC2(CCNCC2)CC1
1960,NC1CCC2(CC1)CNC2
1961,NC1CC2(CNC2)C1
1962,CCCN1CCN(CCCCCCO)CC1
1963,CCCN1CCN(CCOCCOCCO)CC1
1964,CCCN(C)CCOCCOCCO
1965,NCCOCCC=O
1966,NCCOCCC(=O)NCCC=O
1967,NCCOCCC(=O)NCCCC=O
1968,NCCOCCC(=O)NCCCCC=O
1969,NCCOCCC(=O)NCCCCCC=O
1970,NCCOCCC(=O)NCCCCCCC=O
1971,NCCOCCC(=O)NCCOCCC=O
1972,NCCOCCC(=O)NCCOCCOCCC=O
1973,NCCOCCC(=O)N1CCN(CC=O)CC1
1974,NCCOCCOCCC(=O)N1CCN(CC=O)CC1
1975,NCCOCCOCCOCCC(=O)N1CCN(CC=O)CC1
1976,NCCOCCOCCOCCOCCC(=O)N1CCN(CC=O)CC1
1977,NCCOCCOCCC(=O)NCCOCCC=O
1978,CCCCC(=O)N1CCN(CC=O)CC1
1979,O=CCCCCNC(=O)Cn1cc(CO)nn1
1980,NCCOCCOCCC=O
1981,NC(=O)CCCc1c[nH]nn1
1982,NCCOCCOCc1c[nH]nn1
1983,CC(=O)NCCN
1984,CC(=O)NCCCCCCCCN
1985,C#CCOCCC=O
1986,O=CCCOCCOCCOCCO
1987,CC(=O)NCCOCCOCCNC(=O)C1CCNCC1
1988,CCCOCCCOCCCCN
1989,NC(=O)COCCOCCCCCCC=O
1990,COCCOCCCCCCC=O
1991,CCCCCCOCCOCC(N)=O
1992,NCCCC=O
1993,CN1CCN(C(=O)CC=O)CC1
1994,CCCC(=O)N1CCC(C=O)CC1
1995,Cn1cc(C(=O)N2CCC(C=O)CC2)nn1
1996,NCCCCCCCCC=O
1997,CCOCCCN
1998,O=COCCOCCOCCOCCOC=O
1999,O=C(CO)NCCCCO
2000,O=C(CO)NCCCCCCO
2001,O=C(CO)NCCCCCCCCO
2002,O=C(CO)NCCNC(=O)CO
2003,O=C(CO)NCCCCNC(=O)CO
2004,O=C(CO)NCCCCCCNC(=O)CO
2005,CCCC(=O)NCCCN
2006,CCCC(=O)NCCOCCOCCN
2007,C1CCN(C2CCNCC2)CC1
2008,CC1CCN(C2CNC2)CC1
2009,CC1CCN(CCC2CCNCC2)CC1
2010,CC1CCN(C(=O)CC2CCNCC2)CC1
2011,CCC1CCN(CC2CCNCC2)CC1
2012,O=CCC1CCN(CC2CCNCC2)CC1
2013,O=CCC1CCN(CC2(F)CCNCC2)CC1
2014,O=CCC1CCN(CCC2CCNCC2)CC1
2015,COCCOCCOCCOCCn1cc(C)nn1
2016,COCCOCCOCCOCCOCCOCCn1cc(C)nn1
2017,CCCCCCCN1CCNCC1
2018,CCCCCCCCCCCN1CCNCC1
2019,CCCCCCCCCCCCN1CCNCC1
2020,CCCCCCCCCCCCCN1CCNCC1
2021,CCCCCCCCCCCCCCN1CCNCC1
2022,CCCCCCCCCN1CCN(C2CCNCC2)CC1
2023,CCCN1CCN(CC2CCNCC2)CC1
2024,CCCCCN1CCN(CC2CCNCC2)CC1
2025,CCCCCCCCN1CCN(CC2CCNCC2)CC1
2026,CCCCCCCN1CCN(C(=O)CO)CC1
2027,CCCCCCCCN1CCN(C(=O)CO)CC1
2028,CCCCCCCCCN1CCN(C(=O)CO)CC1
2029,CCCCCCCCCCN1CCN(C(=O)CO)CC1
2030,CCCCCCCCCCCN1CCN(C(=O)CO)CC1
2031,CCCCCCCCCCCCN1CCN(C(=O)CO)CC1
2032,CCCCCCCCCCCCCN1CCN(C(=O)CO)CC1
2033,CCCCCCCCCCCCCCN1CCN(C(=O)CO)CC1
2034,CCN1CCN(CC2CCN(C(=O)CO)CC2)CC1
2035,CCCN1CCN(CC2CCN(C(=O)CO)CC2)CC1
2036,CCCCN1CCN(CC2CCN(C(=O)CO)CC2)CC1
2037,CCCCCN1CCN(CC2CCN(C(=O)CO)CC2)CC1
2038,CCCCCCN1CCN(CC2CCN(C(=O)CO)CC2)CC1
2039,O=C(CO)N1CCC(CN2CCC(CN3CCNCC3)CC2)CC1
2040,NC1CCN(CC2CCN(CC3CCN(C(=O)CO)CC3)CC2)CC1
2041,C#CCCCNC(C)=O
2042,C#CCCCCNC(C)=O
2043,C#CCCCCCNC(C)=O
2044,C#CCNC
2045,C#CCCNC
2046,C#CCCCNC
2047,C#CCCCCNC
2048,C#CCCCCCNC
2049,CCCCNC
2050,CCCCCNC
2051,CCCCCCNC
2052,CCCCCCCNC
2053,CCCCN(C)C
2054,CCC(=O)CO
2055,O=CCCCCCCCCCCCNC(=O)CO
2056,NCC(=O)NCCCCCCCCCCC=O
2057,O=CCCCCNC(=O)CCCCNC(=O)CO
2058,O=CCCCCCNC(=O)CCCCCNC(=O)CO
2059,O=CCCCCCCNC(=O)CCCCCCNC(=O)CO
2060,O=CCCCCCCCNC(=O)CCCCCCNC(=O)CO
2061,O=CCCCCCCCCNC(=O)CCCCCCNC(=O)CO
2062,O=CCCCCCCCCCNC(=O)CCCCCCNC(=O)CO
2063,O=CCCCCCCCCCCNC(=O)CCCCCCNC(=O)CO
2064,O=CCCCCCCCCCCCNC(=O)CCCCCCNC(=O)CO
2065,NCC(=O)NCCCCC(=O)NCCCCC=O
2066,NCC(=O)NCCCCCC(=O)NCCCCCC=O
2067,NCC(=O)NCCCCCCC(=O)NCCCCCCC=O
2068,NCC(=O)NCCCCCCC(=O)NCCCCCCCC=O
2069,NCC(=O)NCCCCCCC(=O)NCCCCCCCCC=O
2070,NCC(=O)NCCCCCCC(=O)NCCCCCCCCCC=O
2071,NCC(=O)NCCCCCCC(=O)NCCCCCCCCCCC=O
2072,NCC(=O)NCCCCCCCCCCCC(=O)NCCCCCCCCCCCC=O
2073,OCCOCCOCc1c[nH]nn1
2074,C#CCCCCCNCC
2075,C#CCCCCCN1CCCCC1
2076,C#CCCCN1CCCCC1
2077,C#CCN1CCCCC1
2078,Cn1ccnn1
2079,CCCn1ccnn1
2080,CCCCCn1ccnn1
2081,O=CCn1ccnn1
2082,O=CCCCn1ccnn1
2083,O=CCCCCCn1ccnn1
2084,NCCOCCOCCn1ccnn1
2085,NCCOCCOCCOCCn1ccnn1
2086,NCCOCCOCCOCCOCCn1ccnn1
2087,CC(=O)NCCOCCOCCn1ccnn1
2088,CCCCOCCC
2089,CCCCCCOCCCCCCOCC
2090,CCCCCCOCCCCCCOCCCCCC
2091,CCc1ccccc1CN
2092,Cc1cccc(CN)c1
2093,CCOC=O
2094,CCOCCOC=O
2095,CCOCCOCCOC=O
2096,CCOCCC(N)=O
2097,CCCCCCCCCCC(N)=O
2098,CCN1CCN(CCC2CCNCC2)CC1
2099,NCCOCc1cn(CC=O)nn1
2100,NCCCOCc1cn(CC=O)nn1
2101,NCCCn1cc(COCCOCCOCc2cn(CC=O)nn2)nn1
2102,NCCCn1cc(COCCOCCOCCOCc2cn(CC=O)nn2)nn1
2103,CCCNC(=O)C(c1ccc(C)cc1)N1CCOCC1
2104,Cc1ccc(C(C(=O)NCCCCCCCCN)N2CCOCC2)cc1
2105,Cc1ccc(C(C(=O)NCCOCCN)N2CCOCC2)cc1
2106,Cc1ccc(C(C(=O)NCCOCCOCCN)N2CCOCC2)cc1
2107,Cc1ccc(C(C(=O)NCCOCCOCCOCCN)N2CCOCC2)cc1
2108,CCCCCCC(=O)N1CCC2(CCNC2=O)CC1
2109,CCCCCC(=O)N1CCC2(CCNC2=O)CC1
2110,CCOCCC(=O)N1CCC2(CCNC2=O)CC1
2111,COCCCC=O
2112,O=CC1CCCCC1
2113,CCN1CC(C=O)C1
2114,CCN1CCC(C=O)CC1
2115,O=CNC1CCC1
2116,CNC1CCC1
2117,O=CN1CCCC1
2118,O=CN1CCCCC1
2119,O=[SH](=O)N1CCCCC1
2120,CN1CCCCC1
2121,O=CN1CCC(F)CC1
2122,CCCCOC
2123,CCCCCCOC
2124,CCCCOCC=O
2125,CCC(=O)NCc1ccc(C2=NNC=C3C4CC(CC4C(=O)NCCCC=O)C32)cc1
2126,CCC(=O)NCc1ccc(C2=NNC=C3C4CC(C(=O)NCCCC=O)C(C4)C32)cc1
2127,CCOCCOCCC(=O)NCCOCCOC
2128,CCCCCCCCCCCC(=O)NCCCCC
2129,CCCCCNC(=O)CCCn1cc(CC)nn1
2130,O=C(CO)NCCC1CCNCC1
2131,CCCCCCNC(=O)CCCC
2132,CCCCCCCNC(=O)CCCC
2133,CCCCCCCCNC(=O)CCCC
2134,C#CCCCCCN
2135,C#CCCCCCCN
2136,C#CCCC1CNC1
2137,C#CCC1CNC1
2138,CCCCCCCCCCCC(N)=O
2139,O=CC1CN(CCCCCCCO)C1
2140,CCCCCC(=O)N1CCC1
2141,CCCCCCCC(=O)N1CCC1
2142,CCCCCCCCN1CCC1
2143,CCOCCOCCN1CCC1
2144,NCC1CN(CCCCC=O)C1
2145,NCC1CN(CCCCCC=O)C1
2146,NCC1CN(CCCCCCCC=O)C1
2147,NCC1CN(CCCCCCC=O)C1
2148,CCOCCOCCN1CC(C)C1
2149,CCCCC(=O)N1CC(C)C1
2150,CCCCCC(=O)N1CC(C)C1
2151,CCCCCCC(=O)N1CC(C)C1
2152,CCCCCCCC(=O)N1CC(C)C1
2153,CCCCCCN1CC(C)C1
2154,CCCCCCCN1CC(C)C1
2155,CCCCCCCCN1CC(C)C1
2156,CCCCNC(=O)CCCCCO
2157,O=CCCCCNC(=O)CCC=O
2158,O=CCCCCCCNC(=O)CCC=O
2159,O=CCCCCCCCNC(=O)CCC=O
2160,CCC(=O)NCCCC=O
2161,CCC(=O)NCCCCC=O
2162,CCC(=O)NCCCCCC=O
2163,CCC(=O)NCCCCCCC=O
2164,CCC(=O)NCCCCCCCC=O
2165,CCC(=O)NCCCCCCCCCCC=O
2166,CCC(=O)NCCCCCCCCCCCC=O
2167,O=CCCCCC(=O)N(CC=O)CCS
2168,O=CCCCCCCC(=O)N(CC=O)CCS
2169,O=CCCCCCCCCC(=O)N(CC=O)CCS
2170,O=CCCCCCCCCCCC(=O)N(CC=O)CCS
2171,CCNC(=O)CN(CCS)C(=O)CCC=O
2172,CCNC(=O)CN(CCS)C(=O)CCCCC=O
2173,CCNC(=O)CN(CCS)C(=O)CCCCCCC=O
2174,CCNC(=O)CN(CCS)C(=O)CCCCCCCCC=O
2175,CCNC(=O)CN(CCS)C(=O)CCCCCCCCCCC=O
2176,COCCN
2177,COCCOCCOCCOCCn1cc(CN)nn1
2178,CNC(=O)C(N)CCCCCNC(=O)CO
2179,CNC(=O)[C@@H](CN)NC(=O)CO
2180,CNC(=O)[C@@H](Cc1ccc(CN)cc1)NC(=O)CO
2181,CNC(=O)CNCCCCNC(=O)CO
2182,CCCCCCCCCNC(=O)CO
2183,O=CNCCCCCNC(=O)c1ccccc1
2184,NCCCCC(=O)NCc1ccc(CN)cc1
2185,NCCCCC(=O)NCCN
2186,NCCCCC(=O)NCCO
2187,NCCCNC(=O)c1ccc(CO)cc1
2188,NCCCCNC(=O)c1ccc(CO)cc1
2189,NCCCCCNC(=O)c1ccc(CO)cc1
2190,NCCNC(=O)c1ccc(CO)cc1
2191,CCc1cn(CCOC)nn1
2192,CCc1cn(CCOCCOC)nn1
2193,CCc1cn(CCOCCOCCOC)nn1
2194,CCc1cn(CCOCCOCCOCCOC)nn1
2195,CCc1cn(CCOCCOCCOCCOCCOC)nn1
2196,CCCCC(=O)NCCOCCOCCNC(=O)CC
2197,CCCCC(=O)NCCOCCOCCNC(=O)CCC(N)=O
2198,CCCCC(=O)NCCCCCC(N)=O
2199,Cc1cn(CCC(=O)NCCCCCC(N)=O)nn1
2200,CCCc1cn(CCC(=O)NCCCCCC(N)=O)nn1
2201,CCCCc1cn(CCC(=O)NCCCCCC(N)=O)nn1
2202,CCCCCCCCCc1cn(CCC(=O)NCCCCCC(N)=O)nn1
2203,CC(=O)NCCCCCCCO
2204,CC(=O)N1CCC(CN2CCNCC2)CC1
2205,CCCCCn1cc(CO)nn1
2206,CCCCCCCCCn1cc(CO)nn1
2207,CCCCCCCCCCCn1cc(CO)nn1
2208,CCCCCCCCCn1cc(CCCO)nn1
2209,COCCOCCOCCn1cc(CO)nn1
2210,CCOCCOCCOCCOCCC(=O)N1CCC(C)CC1
2211,CCOCCOCCC(=O)N1CCC(C)CC1
2212,CCOCCC(=O)N1CCC(C)CC1
2213,CCC(=O)N1CCC(C)CC1
2214,CCOCCOCCOCCOCCOCCC(=O)N1CCC(C)CC1
2215,CC1CCN(C(=O)COCCOCCOCCO)CC1
2216,O=CCOCCOCCNC(=O)C1=NC(c2nc3ccc(O)cc3s2)SC1
2217,CCCCCn1cc(CC)nn1
2218,NCC1CN(C(=O)CCC=O)C1
2219,CC1CN(C(=O)CC=O)C1
2220,CC1CN(CC2CN(C(=O)CCC=O)C2)C1
2221,CC1CCN(C(=O)CCC=O)C1
2222,CC1CCN(C(=O)CCC=O)CC1
2223,CCOCCOCCn1cc(COCCC=O)nn1
2224,CCOCCOCc1cn(CCOCCOC)nn1
2225,CCOCCOCNC(=O)CCCO
2226,NC(=O)COCCNC(=O)CO
2227,NC(=O)CCOCCOCCOCCNC(=O)CO
2228,NC(=O)CCOCCOCCOCCOCCNC(=O)CO
2229,CC(=O)NCCOCCOCCOCCOCCC(N)=O
2230,NC(=O)COCCOCCNC(=O)[C@H](CCCCNC(=O)c1ccc2c(c1)C(=O)OC21c2ccc(O)cc2Oc2cc(O)ccc21)NC(=O)COCCOCCNC(=O)CO
2231,CCCCC(=O)NCCOCCOCC
2232,NC=O
2233,CCC(=O)N1CCC(O)CC1
2234,CC(=O)N1CCC(O)CC1
2235,CCOCCOCCC(=O)NCCCCCC=O
2236,CCCCNC(=O)CCOCCOCCOCC
2237,CCCNC(=O)c1ccc(N)nc1
2238,CCCCCNC(=O)c1ccc(N)nc1
2239,CCCCCCCNC(=O)c1ccc(N)nc1
2240,CCCCCCCCNC(=O)c1ccc(N)nc1
2241,CCCCCCCCCNC(=O)c1ccc(N)nc1
2242,CCCCCCCCCCNC(=O)c1ccc(N)nc1
2243,CCCCCCCCCCCNC(=O)c1ccc(N)nc1
2244,O=C(CO)NCCOCCO
2245,O=C(CO)NCCOCCOCCO
2246,O=C(CO)NCCCCCCCO
2247,O=C(CCOCCO)N1CCC(O)CC1
2248,CCOCCC(=O)N1CCC(O)CC1
2249,O=C(CO)NCCOCCC(=O)N1CCC(O)CC1
2250,CCOCCOCCC(=O)N1CCC(O)CC1
2251,O=C(CCOCCOCCO)N1CCC(O)CC1
2252,O=C(CO)NCCOCCOCCC(=O)N1CCC(O)CC1
2253,CCOCCC(=O)N1CC(O)C1
2254,O=C(CO)NCCOCCC(=O)N1CC(O)C1
2255,CCOCCOCCC(=O)N1CC(O)C1
2256,O=C(CCOCCOCCO)N1CC(O)C1
2257,O=C(CO)NCCOCCOCCC(=O)N1CC(O)C1
2258,OCCCCCCCCCCO
2259,O=C(CO)NCCCCCCCCCCO
2260,O=C(CO)NCCOCCOCCCN1CC(O)C1
2261,O=C(CCOCCO)N1CC(O)C1
2262,O=C(CO)NCCOCCCN1CCC(O)CC1
2263,O=C(CO)NCCOCCOCCCN1CCC(O)CC1
2264,O=C(CO)NCCOCCOCCOCCOCCO
2265,OCCOCCCN1CCC(O)CC1
2266,CCOCCCN1CCC(O)CC1
2267,OCCOCCOCCCN1CCC(O)CC1
2268,CCOCCOCCCN1CCC(O)CC1
2269,CCCCCNC(=O)C1CCNCC1
2270,CCCCCNC(=O)C1CNC1
2271,CCCCCNC(=O)CN
2272,CCCNC(=O)C1CCNCC1
2273,CCOCCNC(=O)C1CCNCC1
2274,CCCCCCCCNC(=O)C1CCNCC1
2275,CCCCCCCCNC(=O)C1CNC1
2276,C[C@H]1CCNC1
2277,c1ccc(O[C@H]2C[C@H](OC3CCN(CC4CCNCC4)CC3)C2)nc1
2278,c1ccc(O[C@H]2C[C@H](OC3CCN(CC4CCN(c5ccon5)CC4)CC3)C2)nc1
2279,NC(=O)CCCCCNC(=O)c1cncnc1
2280,NC(=O)CCCCCCNC(=O)c1cncnc1
2281,NC(=O)CCCCCCCCCCNC(=O)c1cncnc1
2282,NC(=O)CCCCCCCCCCCNC(=O)c1cncnc1
2283,COCCNC=O
2284,CCN(C)CCNC=O
2285,CN1CCN(C=O)CC1
2286,NC(=O)CNCC=O
2287,NCC(=O)NCC(=O)NCC(=O)NCC=O
2288,NCC(=O)NCC(=O)NCC=O
2289,NCC(=O)NCC(=O)NCC(=O)NCC(=O)NCC=O
2290,NCCC(=O)NCCC=O
2291,NCCC(=O)NCC=O
2292,NCC(=O)NCC=O
2293,CNCC(=O)NCCCO
2294,CNCC(=O)NCCCCO
2295,CNCC(=O)NCCCCCO
2296,CNCC(=O)NCCOCCO
2297,CNCC(=O)NCCOCCOCCO
2298,NCC(=O)NCCCO
2299,NCC(=O)NCCCCO
2300,NCC(=O)NCCCCCO
2301,NCC(=O)NCCOCCO
2302,NCC(=O)NCCOCCOCCO
2303,O=C(CN1CCNCC1)NCCCO
2304,O=C(CN1CCNCC1)NCCCCO
2305,O=C(CN1CCNCC1)NCCCCCO
2306,O=C(CN1CCNCC1)NCCOCCO
2307,O=C(CN1CCNCC1)NCCOCCOCCO
2308,CNCC(=O)NC
2309,CNC(=O)CN1CCNCC1
2310,CCCNC(=O)CN1CCNCC1
2311,CCC(=O)N1CCNCC1
2312,CCCCC(=O)N1CCNCC1
2313,CCCCCCC(=O)N1CCNCC1
2314,CCOCCC(=O)N1CCNCC1
2315,CCOCCOCCC(=O)N1CCNCC1
2316,NCC(=O)N1CCNCC1
2317,NCCCC(=O)N1CCNCC1
2318,NCCCCCC(=O)N1CCNCC1
2319,NCCCCCCC(=O)N1CCNCC1
2320,C#CCCCCCN1CCNCC1
2321,C#CCCCCCCN1CCNCC1
2322,CCCCCCCCC(=O)N1CCNCC1
2323,COCCOCCOCC(=O)N1CCNCC1
2324,CCOCCOCCOCCC(=O)N1CCNCC1
2325,CCOCCOCCOCCOCCOCCC(=O)N1CCNCC1
2326,CCCCCC(=O)N1CCNCC1
2327,CCOCCOCCOCCOCCC(=O)N1CCNCC1
2328,O=C(CCCS)N1CCNCC1
2329,C#CCCCC(=O)N1CCNCC1
2330,O=C(COCCS)N1CCNCC1
2331,SCCCN1CCNCC1
2332,SCCCCN1CCNCC1
2333,SCCCCCCN1CCNCC1
2334,OCCCCN1CCNCC1
2335,C#CCCCCN1CCNCC1
2336,NCCCCCS
2337,SCCCCNC1CCNCC1
2338,SCCCCCNC1CCNCC1
2339,SCCCCCCNC1CCNCC1
2340,SCCCCN1CCN(C2CCNCC2)CC1
2341,SCCCN1CCN(C2CCNCC2)CC1
2342,SCCCCCN1CCN(C2CCNCC2)CC1
2343,SCCCCCCN1CCN(C2CCNCC2)CC1
2344,SCCCCCCCN1CCN(C2CCNCC2)CC1
2345,OCCCCCCN1CCN(C2CCNCC2)CC1
2346,C#CCCCCCCN1CCN(C2CCNCC2)CC1
2347,Cn1cc(COCCOCCO)nn1
2348,Cn1cc(COCCOCCOCCO)nn1
2349,Cn1cc(COCCOCCOCCOCCO)nn1
2350,Cn1cc(COCCOCCOCCOCCOCCO)nn1
2351,Cn1cc(COCCC=O)nn1
2352,Cn1cc(COCCOCCC=O)nn1
2353,Cn1cc(COCCOCCOCCC=O)nn1
2354,Cn1cc(COCCOCCOCCOCCC=O)nn1
2355,Cn1cc(COCCOCCOCCOCCOCCC=O)nn1
2356,Cn1cc(COCCOCCOCCOCCOCCOCCC=O)nn1
2357,O=CCOCCNC=O
2358,O=CCOCCOCCNC=O
2359,O=CCOCCOCCOCCOCCOCCNC=O
2360,O=CCCN1CCNCC1
2361,O=CCCCCN1CCNCC1
2362,O=CCCCCCN1CCNCC1
2363,CCC(=O)Nc1ccccc1
2364,CCCCC(=O)Nc1ccccc1
2365,CCCCCC(=O)Nc1ccccc1
2366,CCCCCCC(=O)Nc1ccccc1
2367,CCCCCCCC(=O)Nc1ccccc1
2368,CCCCCCCCC(=O)Nc1ccccc1
2369,CCCCCCCCCC(=O)Nc1ccccc1
2370,CCCCCCCCCCC(=O)Nc1ccccc1
2371,CCCN1CCN(C(=O)CCCCC(=O)Nc2ccccc2)CC1
2372,CCCCN1CCN(C(=O)CCCCC(=O)Nc2ccccc2)CC1
2373,CCCCCN1CCN(C(=O)CCCCC(=O)Nc2ccccc2)CC1
2374,CCCCCCN1CCN(C(=O)CCCCC(=O)Nc2ccccc2)CC1
2375,CCCCCCCN1CCN(C(=O)CCCCC(=O)Nc2ccccc2)CC1
2376,CCCCN1CCN(c2ccccc2)CC1
2377,CCCCCN1CCN(c2ccccc2)CC1
2378,CCCCCCN1CCN(c2ccccc2)CC1
2379,CCCCCCCN1CCN(c2ccccc2)CC1
2380,CCCCC(=O)N1CCN(c2ccccc2)CC1
2381,CCCCCCC(=O)N1CCN(c2ccccc2)CC1
2382,CCCCCCCCC(=O)N1CCN(c2ccccc2)CC1
2383,CCCCCCCCCCC(=O)N1CCN(c2ccccc2)CC1
2384,COC(C)C
2385,CCC(C)CC
2386,CCC(=O)NC
2387,CCNC(=O)COC
2388,CCNC(=O)COCCOC
2389,CCOCCOCCOCCOCCOCCOCCNC(C)=O
2390,CCOCCOCCOCCOCCOCCOCCOCCNC(C)=O
2391,CCOCCOCCOCCOCCOCCOCCOCCOCCNC(C)=O
2392,CC(=O)NCCCCC(=O)NCc1ccc(C)cc1
2393,CCNC(=O)CCCCNC(C)=O
2394,CC(=O)NCCCCC(=O)NCCO
2395,CCCCCNC(=O)CCCCCn1cc(CC)nn1
2396,COc1ccc(/C=N\NC(C)=O)cc1
2397,CCCOc1ccc(/C=N\NC(C)=O)cc1
2398,CCCCOc1ccc(/C=N\NC(C)=O)cc1
2399,CCCCCOc1ccc(/C=N\NC(C)=O)cc1
2400,CCCCCCOc1ccc(/C=N\NC(C)=O)cc1
2401,CCCCCCCOc1ccc(/C=N\NC(C)=O)cc1
2402,COCCOc1ccc(/C=N\NC(C)=O)cc1
2403,COCCOCCOc1ccc(/C=N\NC(C)=O)cc1
2404,COCCOCCOCCOc1ccc(/C=N\NC(C)=O)cc1
2405,COCCOCCOCCOCCOc1ccc(/C=N\NC(C)=O)cc1
2406,COCCOCCOCCOCCOCCOc1ccc(/C=N\NC(C)=O)cc1
2407,COCCOCCOCCOCCOCCOCCOc1ccc(/C=N\NC(C)=O)cc1
2408,C#CCNC(=O)COCCOc1ccc(/C=N/NC(C)=O)cc1
2409,C#CCNC(=O)COCCOCCOc1ccc(/C=N/NC(C)=O)cc1
2410,C#CCNC(=O)COCCOCCOCCOc1ccc(/C=N/NC(C)=O)cc1
2411,C#CCNC(=O)COCCOCCOCCOCCOc1ccc(/C=N/NC(C)=O)cc1
2412,C#CCNC(=O)COCCOCCOCCOCCOCCOc1ccc(/C=N/NC(C)=O)cc1
2413,C#CCNC(=O)COCCOCCOCCOCCOCCOCCOc1ccc(/C=N/NC(C)=O)cc1
2414,C#CCNC(=O)COc1ccc(/C=N/NC(C)=O)cc1
2415,C#CCNC(=O)CCCOc1ccc(/C=N/NC(C)=O)cc1
2416,C#CCNC(=O)CCCCOc1ccc(/C=N/NC(C)=O)cc1
2417,C#CCNC(=O)CCCCCOc1ccc(/C=N/NC(C)=O)cc1
2418,C#CCNC(=O)CCCCCCOc1ccc(/C=N/NC(C)=O)cc1
2419,C#CCNC(=O)CCCCCCCOc1ccc(/C=N/NC(C)=O)cc1
2420,COc1ccc(CCNC(C)=O)cc1
2421,CCOc1ccc(CCNC(C)=O)cc1
2422,CCCOc1ccc(CCNC(C)=O)cc1
2423,CCCCOc1ccc(CCNC(C)=O)cc1
2424,CCCCCOc1ccc(CCNC(C)=O)cc1
2425,C#CCNC(=O)COCCOCCOc1ccc(CCNC(C)=O)cc1
2426,CCCOCCN
2427,CCCCCC(=O)NCCC
2428,Cc1nn(CC(=O)NCCO)c(C)c1/N=N/c1ccc(CN)cc1
2429,Cc1nn(CC=O)c(C)c1/N=N/c1ccc(CNC(=O)CCC(N)=O)cc1
2430,O=CN1CCNCC1
2431,O=CNCCCC(=O)N1CCNCC1
2432,O=CNCCCCCC(=O)N1CCNCC1
2433,O=CNCCCCCCCC(=O)N1CCNCC1
2434,CCOCCOc1cccc(CN2CCCCC2)c1
2435,CCOCCOCCOc1cccc(CN2CCCCC2)c1
2436,CCCCOc1cccc(CN2CCCCC2)c1
2437,CCCCCCOc1cccc(CN2CCCCC2)c1
2438,Cc1ccc(C)cc1
2439,CCOCCOCCN1CCNCC1
2440,Cc1cccc(C)c1
2441,C[C@H]1CC[C@H](C)CC1
2442,C[C@H]1CC[C@@H](C)CC1
2443,CC#CC
2444,CCCOCCO
2445,C[C@H]1CC[C@H](CO)CC1
2446,CCCOCCC(=O)NCC
2447,C#CC=O
2448,C=CC=O
2449,O=CC1CC1
2450,CCOCCOCCOCCC(=O)NCCCO
2451,CCCC(=O)NCCCO
2452,CCOCCOCCC(=O)NCCCO
2453,CCCCCCCC(=O)NCCCO
2454,NCCOCCOCCOCCC(=O)NCCCO
2455,NCCCCC(=O)NCCCO
2456,CCCOCCOCCOCCOCCC
2457,CCCOCCOCCOCCOCCOCCC
2458,CCCOCCOCCOCCOCCOCCOCCC
2459,CCCOCCOCCOCCOCCOCCOCCOCCC
2460,COCCNC(=O)C/C=N/OCC(=O)NCCOCCOC
2461,CO/N=C/CN
2462,CC(=O)NCCNCC=O
2463,CC(=O)NCCCNCC=O
2464,CC(=O)NCCCCNCC=O
2465,CC(=O)NCCCCCCNCC=O
2466,CC(=O)NCCOCCNCC=O
2467,CC(=O)NCCOCCOCCNCC=O
2468,CC(=O)NCCOCCOCCOCCNCC=O
2469,CC(=O)NCCOCCOCCOCCOCCNCC=O
2470,CC(=O)NCCOCCOCCNC(=O)CO
2471,O=CCNCC=O
2472,O=CCCNCC=O
2473,O=CCCCNCC=O
2474,O=CCCCCNCC=O
2475,O=CCCCCCNCC=O
2476,O=CCCCCCCNCC=O
2477,O=CCCCCCCCNCC=O
2478,O=CCCCCCCCCNCC=O
2479,O=CCCCCCCCCCNCC=O
2480,O=CCCCCCCCCCCNCC=O
2481,O=CCCCCCCCCCCCNCC=O
2482,O=CCCCCCCCCCCCCNCC=O
2483,Cc1cn(CCOCCOCCOCCNC(=O)CO)nn1
2484,O=CCCCCc1cn(CCOCCOCCOCCNC(=O)CO)nn1
2485,CC(=O)NCCOCCOCCOCCn1cc(CO)nn1
2486,O=CCN1CCNCC1
2487,O=CCN1CCCCC1
2488,CCCCOCCOCCOCCNC=O
2489,CCCCOCCCCCOCCCCCCNC=O
2490,CCCCOCCCCOCCCCC(=O)NC
2491,CCOCCOCCOCCCCC(=O)NC
2492,CCNC(=O)COc1ccc(CC)cc1
2493,CCNC(=O)CCCOc1ccc(CC)cc1
2494,CCNC(=O)CCCCOc1ccc(CC)cc1
2495,CCNC(=O)CCCCCOc1ccc(CC)cc1
2496,CCNC(=O)CCCCCCOc1ccc(CC)cc1
2497,CCCNC(=O)COc1ccc(CC)cc1
2498,CCCNC(=O)CCCOc1ccc(CC)cc1
2499,CCCNC(=O)CCCCOc1ccc(CC)cc1
2500,CCCNC(=O)CCCCCOc1ccc(CC)cc1
2501,CCCNC(=O)CCCCCCOc1ccc(CC)cc1
2502,CCCCNC(=O)COc1ccc(CC)cc1
2503,CCCCNC(=O)CCCOc1ccc(CC)cc1
2504,CCCCNC(=O)CCCCOc1ccc(CC)cc1
2505,CCCCNC(=O)CCCCCOc1ccc(CC)cc1
2506,CCCCNC(=O)CCCCCCOc1ccc(CC)cc1
2507,CCCCCNC(=O)COc1ccc(CC)cc1
2508,CCCCCNC(=O)CCCOc1ccc(CC)cc1
2509,CCCCCNC(=O)CCCCOc1ccc(CC)cc1
2510,CCCCCNC(=O)CCCCCOc1ccc(CC)cc1
2511,CCCCCNC(=O)CCCCCCOc1ccc(CC)cc1
2512,CCCCCCNC(=O)COc1ccc(CC)cc1
2513,CCCCCCNC(=O)CCCOc1ccc(CC)cc1
2514,CCCCCCNC(=O)CCCCOc1ccc(CC)cc1
2515,CCCCCCNC(=O)CCCCCOc1ccc(CC)cc1
2516,CCCCCCNC(=O)CCCCCCOc1ccc(CC)cc1
2517,CCc1ccc(OCCCCC(=O)N2CCNCC2)cc1
2518,CCc1ccc(OCCCCC(=O)N2CCC(N3CCNCC3)CC2)cc1
2519,CCc1ccc(OCCCCC(=O)N2CCC(CN3CCNCC3)CC2)cc1
2520,CCc1ccc(OCCCCC(=O)N2CC(N3CCNCC3)C2)cc1
2521,CCc1ccc(OCCCCC(=O)N2CC(CN3CCNCC3)C2)cc1
2522,CCc1ccc(OCCCCC(=O)N2CCN(C3CCNCC3)CC2)cc1
2523,CCc1ccc(OCCCCC(=O)N2CCN(CC3CCNCC3)CC2)cc1
2524,CCc1ccc(OCCCCC(=O)N2CCN(C3CNC3)CC2)cc1
2525,CCc1ccc(OCCCCC(=O)N2CCN(CC3CNC3)CC2)cc1
2526,CCc1ccc(OCCCCC(=O)NCCCCCCN)cc1
2527,CCOCCOCCOCCOCCOCCOc1cccc(C)c1
2528,CCCCCCCCCCCCC
2529,CCCCCCCCCCCCCC
2530,CCCCCCCCCCCCCCC
2531,CCCCN1CCN(C)CC1
2532,CCCCCN1CCN(C)CC1
2533,CCCCCCN1CCN(C)CC1
2534,CCCCCCCCCCCCCO
2535,O=CC1CCN(C2CCNCC2)CC1
2536,NCCOCCOCCOCCOCCOCCC=O
2537,CCC(=O)NCCN
2538,CCC(=O)NCCCN
2539,CCC(=O)NCCCCN
2540,CCC(=O)NCCCCCN
2541,CCC(=O)NCCCCCCN
2542,CCC(=O)NCCCCCCCN
2543,CCC(=O)NCCCCCCCCN
2544,CCC(=O)NCCOCCN
2545,CCC(=O)NCCOCCOCCN
2546,CCC(=O)NCCOCCOCCOCCN
2547,CCC(=O)NCCOCCOCCOCCOCCN
2548,CCC(=O)NCCOCCOCCOCCOCCOCCN
2549,C#CCN1CCN(C(=O)CCC=O)CC1
2550,C#CCN1CCN(CC#CCNC(=O)CC=O)CC1
2551,C#CCN1CCN(CC#CCNC(=O)CCC=O)CC1
2552,C#CCN1CCN(CC#CCNC(=O)CCCC=O)CC1
2553,C#CCN1CCN(CC#CCNC(=O)CCCCC=O)CC1
2554,C#CCN1CCN(CC#CCNC(=O)CCCCCCC=O)CC1
2555,C#CCN1CCN(CC#CCNC(=O)/C=C/C=O)CC1
2556,C#CCN1CCN(C(=O)/C=C/C=O)CC1
2557,C#CCN1CCN(CC#CCNC(=O)C2(C=O)CC2)CC1
2558,C#CCN1CCN(C(=O)C2(C=O)CC2)CC1
2559,C#CCN1CCN(CC#CCNC(=O)[C@@H]2CCCC[C@@H]2C=O)CC1
2560,C#CCN1CCN(C(=O)[C@@H]2CCCC[C@@H]2C=O)CC1
2561,C#CCN1CCN(CC#CCNC(=O)[C@H]2CC[C@H](C=O)CC2)CC1
2562,C#CCN1CCN(C(=O)[C@H]2CC[C@H](C=O)CC2)CC1
2563,CCOCCOc1ccccc1
2564,CCCCCc1cn(CCCCCC=O)nn1
2565,CCCCCCCCc1cn(CCCCCC=O)nn1
2566,CCOCCOCCOCCOCCOCCn1cc(CCC=O)nn1
2567,CCOCCOCCOCCOCCOCCn1cc(CCCC=O)nn1
2568,CCOCCOCCOCCOCCOCCn1cc(CCCCC=O)nn1
2569,CCOCCOCCOCCOCCOCCn1cc(CCCCCC=O)nn1
2570,CCOCCOCCOCCOCCOCCn1cc(CCCCCCCCC=O)nn1
2571,CCOCCOCCn1cc(CCCCCCCCC=O)nn1
2572,CCOCCOCCOCCn1cc(CCCCCCCCC=O)nn1
2573,CCOCCOCCOCCOCCn1cc(CCCCCCCCC=O)nn1
2574,CCOCCOCCOCCOCCOCCOCCn1cc(CCCCCCCCC=O)nn1
2575,CCOCCOCCOCCOCCOCCOCCOCCn1cc(CCCCCCCCC=O)nn1
2576,CCCCCCc1cn(CCOCCOCCOCCOCCOCC)nn1
2577,O=CCCCCC=O
2578,O=CCCCCCCCCC=O
2579,O=CCCCCCCCCCCCC=O
2580,O=CCCCCCCCCCCCCC=O
2581,CC(=O)NCCCCCNC(C)=O
2582,CC(=O)NCCO
2583,CCOCCOCCOCCOCCOCCOCCOCCOCCOCCOCCN
2584,CCOCCOCCOCCOCCC(=O)NCCNC
2585,CCC(=O)N1CCC(CCCC(=O)N2CCNCC2)CC1
2586,CCOCCC(=O)N1CCC(CCCC(=O)N2CCNCC2)CC1
2587,CCOCCOCCC(=O)N1CCC(CCCC(=O)N2CCNCC2)CC1
2588,CCOCCOCCOCCOCCOCCOCCC(=O)N1CCC(CCCC(=O)N2CCNCC2)CC1
2589,C#CCCN1CCNCC1
2590,O=CCCCCCCCSC=S
2591,O=CCCCCCCCCCSC=S
2592,CCNC(=O)CCC(N)=O
2593,CCCNC(=O)CCC(N)=O
2594,CCCCNC(=O)CCC(N)=O
2595,CCCCCNC(=O)CCC(N)=O
2596,CCCCCCNC(=O)CCC(N)=O
2597,CCOCCOCCNC(=O)CCC(N)=O
2598,CCNC(=O)CCCC(N)=O
2599,CCCNC(=O)CCCC(N)=O
2600,CCCCNC(=O)CCCC(N)=O
2601,CCCCCNC(=O)CCCC(N)=O
2602,CCCCCCNC(=O)CCCC(N)=O
2603,CCOCCOCCNC(=O)CCCC(N)=O
2604,CCNC(=O)COCC(N)=O
2605,CCCNC(=O)COCC(N)=O
2606,CCCCNC(=O)COCC(N)=O
2607,CCCCCNC(=O)COCC(N)=O
2608,CCCCCCNC(=O)COCC(N)=O
2609,CCOCCOCCNC(=O)COCC(N)=O
2610,CCNC(=O)/C=C/C(N)=O
2611,CCCNC(=O)/C=C/C(N)=O
2612,CCCCNC(=O)/C=C/C(N)=O
2613,CCCCCNC(=O)/C=C/C(N)=O
2614,CCCCCCNC(=O)/C=C/C(N)=O
2615,CCOCCOCCNC(=O)/C=C/C(N)=O
2616,CC(=O)NCCNC(=O)CN1CCNCC1
2617,CC(=O)NCCCNC(=O)CN1CCNCC1
2618,CC(=O)NCCCCNC(=O)CN1CCNCC1
2619,CC(=O)NCCCCCCNC(=O)CN1CCNCC1
2620,CC(=O)NCCOCCNC(=O)CN1CCNCC1
2621,CC(=O)NCCOCCOCCNC(=O)CN1CCNCC1
2622,CC(=O)NCCOCCOCCOCCNC(=O)CN1CCNCC1
2623,CC(=O)NCCOCCOCCOCCOCCNC(=O)CN1CCNCC1
2624,CC(=O)NCCNC(=O)CCC(=O)N1CCNCC1
2625,CC(=O)NCCCNC(=O)CCC(=O)N1CCNCC1
2626,CC(=O)NCCCCNC(=O)CCC(=O)N1CCNCC1
2627,CC(=O)NCCCCCNC(=O)CCC(=O)N1CCNCC1
2628,CC(=O)NCCCCCCNC(=O)CCC(=O)N1CCNCC1
2629,CC(=O)NCCCCCCCNC(=O)CCC(=O)N1CCNCC1
2630,CC(=O)NCCOCCNC(=O)CCC(=O)N1CCNCC1
2631,CC(=O)NCCOCCOCCNC(=O)CCC(=O)N1CCNCC1
2632,CC(=O)NCCOCCOCCOCCNC(=O)CCC(=O)N1CCNCC1
2633,CC(=O)NCCOCCOCCOCCOCCNC(=O)CCC(=O)N1CCNCC1
2634,CC(=O)NCCOCCn1cc(CCCCC(=O)N2CCNCC2)nn1
2635,CC(=O)NCC(=O)N1CCNCC1
2636,CC(=O)NCCC(=O)N1CCNCC1
2637,CC(=O)NCCCC(=O)N1CCNCC1
2638,CC(=O)NCCCCC(=O)N1CCNCC1
2639,CC(=O)NCCCCCC(=O)N1CCNCC1
2640,CC(=O)NCCCCCCC(=O)N1CCNCC1
2641,CC(=O)NCCCCCCCC(=O)N1CCNCC1
2642,CC(=O)NCCCCCCCCC(=O)N1CCNCC1
2643,CC(=O)NCCCCCCCCCC(=O)N1CCNCC1
2644,CCN1CCN(CC)CC1
2645,CC(=O)OCCCO
2646,CC(=O)OCCCCO
2647,CC(=O)OCCCCCO
2648,CC(=O)OCCCCCCO
2649,NCCCCCCCCCCN
2650,NCC1CCNCC1
2651,C1CC2(CCN1)CCNCC2
2652,CNc1ccc(N2CCC(CN)CC2)cc1
2653,NCC(=O)NCCCCCCCC(N)=O
2654,C#CCCCC(=O)NCCC
2655,C#CCCCCC(=O)NCCC
2656,C#CCCCCCC(=O)NCCC
2657,C#CCCCCCCC(=O)NCCC
2658,C#CCCCCCCCC(=O)NCCC
2659,CC1CCN(CC2CCNC2)CC1
2660,CCC1CCN(CC2CNC2)CC1
2661,CCC1CCN(CC2CCNC2)CC1
2662,CCC1CCN(CCC2CCNCC2)CC1
2663,CC1CCN(CC2CCN(CC3CNC3)CC2)CC1
2664,Cn1cccn1
2665,CNC(=O)Cn1cccn1
2666,CCNC(=O)Cn1cccn1
2667,CCCNC(=O)Cn1cccn1
2668,CCCCNC(=O)Cn1cccn1
2669,CCCCCNC(=O)Cn1cccn1
2670,CCCCCCNC(=O)Cn1cccn1
2671,CCCCCCCNC(=O)Cn1cccn1
2672,CCCCCCCCNC(=O)Cn1cccn1
2673,CCCCCCCCCCNC(=O)Cn1cccn1
2674,O=C(Cn1cccn1)NCCCn1ccnn1
2675,CNC1CCN(C(=O)Cn2cccn2)CC1
2676,CCNC1CCN(C(=O)Cn2cccn2)CC1
2677,CCCCCCCC(=O)NCCC
2678,CCCCCCCCC(=O)NCCC
2679,CCCCCCCC(=O)NCCC#Cc1ccccn1
2680,CCCCCCCCC(=O)NCCC#Cc1ccccn1
2681,CCCC(=O)NCCC#Cc1ccccn1
2682,CCCCCC(=O)NCCC#Cc1ccccn1
2683,CCCCCCCCCC(=O)NCCC#Cc1ccccn1
2684,CCCCCCCCCCCC(=O)NCCC#Cc1ccccn1
2685,CCOCCOCCOCC(=O)NCCC#Cc1ccccn1
2686,CCOCCOCCOCCOCC(=O)NCCC#Cc1ccccn1
2687,CCOCCOCCOCCOCCOCC(=O)NCCC#Cc1ccccn1
2688,CCCCCCCCCC(=O)NCCCNc1ccccn1
2689,CCCCCCCCCC(=O)NCCC#Cc1ccccc1
2690,CCCCCCCCCC(=O)NCCCCn1cccn1
2691,CCC(=O)NCCc1ccccn1
2692,CCCCC(=O)NCCc1ccccn1
2693,CCCCCCC(=O)NCCc1ccccn1
2694,CCCCCCCCC(=O)NCCc1ccccn1
2695,CCCCCCCCCCC(=O)NCCc1ccccn1
2696,CCCCCCCCCCCCC(=O)NCCc1ccccn1
2697,CCCCCCCCCCC(=O)NCCCNc1ccccn1
2698,CCCCCCCCCCN(C)CCC#Cc1ccccn1
2699,CCCCCCCCN1CCN(CCC#Cc2ccccn2)CC1
2700,CCCCCCCCCCCN(C)CCC#Cc1ccccn1
2701,CCCCCCCCCN1CCN(CCC#Cc2ccccn2)CC1
2702,CCOCCOCCC(=O)NCCN
2703,CN1CCN(CCNC(=O)CCCCCCCNC(=O)CO)CC1
2704,CN1CCN(CCNC(=O)CCCCNC(=O)CO)CC1
2705,O=CNCCCCCCCNC(=O)CO
2706,NCCCCCCCCCCOCC=O
2707,NCCCCCCCCCCCCOCC=O
2708,NCCN1CCCCC1
2709,NCCCN1CCCCC1
2710,NCCCCN1CCCCC1
2711,NCCCCCN1CCCCC1
2712,NCCCCCCN1CCCCC1
2713,Cc1ccc(N)cc1
2714,Cc1ccc(NCCN)cc1
2715,Cc1ccc(NCCCN)cc1
2716,Cc1ccc(NCCCCN)cc1
2717,Cc1ccc(NCCCCCN)cc1
2718,Cc1ccc(NCCCCCCN)cc1
2719,NCCN1CCC2(CCCCC2)CC1
2720,NCCN1CC2(CCCCC2)C1
2721,NCCN1CC(N2CCCCC2)C1
2722,CCC(=O)N1CC2(CNC2)C1
2723,O=CCCCOCCc1cn(CCCC=O)nn1
2724,O=CCCCCn1cc(CCOCCCC=O)nn1
2725,O=CCCCCCn1cc(CCOCCCC=O)nn1
2726,O=CCCCCOCCc1cn(CCCC=O)nn1
2727,O=CCCCCOCCc1cn(CCCCC=O)nn1
2728,O=CCCCCCn1cc(CCOCCCCC=O)nn1
2729,O=CCCCCCOCCc1cn(CCCC=O)nn1
2730,O=CCCCCCOCCc1cn(CCCCC=O)nn1
2731,O=CCCCCCOCCc1cn(CCCCCC=O)nn1
2732,CCCCCCCN1CCC(O)CC1
2733,C#CCCN1CCN(C(=O)N2CCN(CC)CC2)CC1
2734,CCOCCOCCOCCOCCOCCOCCOCCOCCOCCOCCOCCOC
2735,CCCC(=O)NCCN1CCC2(CCN(C(=O)Cn3cccn3)CC2)OC1
2736,CCCCCCCNC(=O)CCC=O
2737,CCCCCCN1CCN(C(=O)CCC=O)CC1
2738,O=CCCC(=O)NCCOCCOCCOCC=O
2739,O=CCCC(=O)N1CCC(CC2CCNCC2)CC1
2740,C#CCCCCCCCCNC(=O)CCC=O
2741,COCCOCCOCCOc1ccccn1
2742,c1ccc(OCCOCCOCCOc2ccon2)nc1
2743,c1ccc(OCCN2CCN(CCOc3ccon3)CC2)nc1
2744,C[C@@H]1CN(CCOc2ccon2)CCN1CCOc1ccccn1
2745,C[C@H]1CN(CCOc2ccccn2)CCN1CCOc1ccon1
2746,c1ccc(O[C@H]2C[C@H](OC3CCN(CCOc4ccon4)CC3)C2)nc1
2747,c1ccc(O[C@H]2C[C@H](OC3CCN(CCN4CCN(c5ccon5)CC4)CC3)C2)nc1
2748,c1ccc(O[C@H]2C[C@H](CN3CCC(CN4CCN(c5ccon5)CC4)CC3)C2)nc1
2749,c1ccc(O[C@H]2C[C@H](OC3CCN(c4ccon4)CC3)C2)nc1
2750,c1ccc(O[C@H]2C[C@H](CN3CCN(c4ccon4)CC3)C2)nc1
2751,c1ccc(OC2CCN(CC3CCN(c4ccon4)CC3)CC2)nc1
2752,C(#Cc1ccc(O[C@H]2C[C@H](Oc3ccccn3)C2)cn1)COc1ccon1
2753,O=C(c1ccccc1)N1CCNCC1
2754,CC(N)C(=O)N1CCNCC1
2755,O=C(NCCC(=O)N1CCNCC1)c1ccccc1
2756,O=C(NCCCCCC(=O)N1CCNCC1)c1ccccc1
2757,CC1CCCCC1
2758,CN1CCC2(CCC2)CC1
2759,CN1CCC2(CCCCC2)CC1
2760,CCC(=O)N(C)CC1(C)CC1
2761,CCCCC(=O)N(C)CC1(C)CC1
2762,CCCCCC(=O)N(C)CC1(C)CC1
2763,CCCCCCC(=O)N(C)CC1(C)CC1
2764,CCOCC(=O)N(C)CC1(C)CC1
2765,CCOCCC(=O)N(C)CC1(C)CC1
2766,CCOCCOCCC(=O)N(C)CC1(C)CC1
2767,CCCCOCC(=O)N(C)CC1(C)CC1
2768,CN(CC1(C)CC1)C(=O)CCCCCCO
2769,CCOCCCC(=O)N(C)CC1(C)CC1
2770,C#CCCCCCC(=O)N(C)CC1(C)CC1
2771,C#CCCOCCC(=O)N(C)CC1(C)CC1
2772,CN(CC1(C)CC1)C(=O)CCCCCCN
2773,CCN1CCC(C(=O)N(C)CC2(C)CC2)CC1
2774,CN(CC1(C)CC1)C(=O)C1CCN(C2CCCCC2)CC1
2775,CN(CC1(C)CC1)C(=O)CCCOC1CCCCC1
2776,CN(CC1(C)CC1)C(=O)CCCN(C)C1CCCCC1
2777,CN(CC1(C)CC1)C(=O)CCC(=O)N(C)C1CCCCC1
2778,CN(CC1(C)CC1)C(=O)CN1CCN(C2CCNCC2)CC1
2779,CN(CC1(C)CC1)C(=O)CN1CCN(C2CNC2)CC1
2780,CN(CC1(C)CC1)C(=O)CN1CCC(CN2CCNCC2)CC1
2781,CN(CC1(C)CC1)C(=O)CN1CCC(OC2CCNCC2)CC1
2782,CN(CC1(C)CC1)C(=O)C1CCC(N2CCNCC2)CC1
2783,CN(CC1(C)CC1)C(=O)C1CCN(C2CCNCC2)CC1
2784,CN(CC1(C)CC1)C(=O)C1CCN(C(=O)C2CCNCC2)CC1
2785,CN(CC1(C)CC1)C(=O)C1CCC(NC2CCNCC2)CC1
2786,CN(CC1(C)CC1)C(=O)C1CCC(OC2CCNCC2)CC1
2787,CCc1ccc(NC(C)=O)cc1
2788,CCCC(=O)Nc1ccc(CC)cc1
2789,O=CCN1CCN(C(=O)CO)CC1
212,NCCOCCOCCOCC(=O)NC(C=O)Cc1ccccc1
230,NC(COCCOCCO)COCCOCCOCC=O
400,NC(=O)c1cc(F)c(N=Nc2c(F)cc(C=O)cc2F)c(F)c1
491,Nc1ccc(N=Nc2ccc(NC(=O)CO)cc2)cc1
492,NCc1ccc(N=Nc2ccc(NC(=O)CO)cc2)cc1
493,NCCc1ccc(N=Nc2ccc(NC(=O)CO)cc2)cc1
494,Nc1ccc2c(c1)CCc1cc(NC(=O)CO)ccc1N=N2
495,O=C(CO)Nc1ccc(N=Nc2ccc(NC(=O)CO)cc2)cc1
501,O=Cc1ccc(N=Nc2ccccc2)cc1
502,COc1ccc(N=Nc2ccc(C=O)cc2)cc1
503,CCOc1ccc(N=Nc2ccc(C=O)cc2)cc1
504,CCCOc1ccc(N=Nc2ccc(C=O)cc2)cc1
505,CCCCOc1ccc(N=Nc2ccc(C=O)cc2)cc1
863,COc1ccc(C=NNC=O)cc1
864,CCCOc1ccc(C=NNC=O)cc1
865,CCCCOc1ccc(C=NNC=O)cc1
866,CCCCCOc1ccc(C=NNC=O)cc1
867,CCCCCCOc1ccc(C=NNC=O)cc1
868,CCCCCCCOc1ccc(C=NNC=O)cc1
869,COCCOc1ccc(C=NNC=O)cc1
870,COCCOCCOc1ccc(C=NNC=O)cc1
871,COCCOCCOCCOc1ccc(C=NNC=O)cc1
872,COCCOCCOCCOCCOc1ccc(C=NNC=O)cc1
873,COCCOCCOCCOCCOCCOc1ccc(C=NNC=O)cc1
874,COCCOCCOCCOCCOCCOCCOc1ccc(C=NNC=O)cc1
875,C#CCNC(=O)COc1ccc(C=NNC=O)cc1
876,C#CCNC(=O)CCCOc1ccc(C=NNC=O)cc1
877,C#CCNC(=O)CCCCOc1ccc(C=NNC=O)cc1
878,C#CCNC(=O)CCCCCOc1ccc(C=NNC=O)cc1
879,C#CCNC(=O)CCCCCCOc1ccc(C=NNC=O)cc1
880,C#CCNC(=O)CCCCCCCOc1ccc(C=NNC=O)cc1
881,C#CCNC(=O)COCCOc1ccc(C=NNC=O)cc1
882,C#CCNC(=O)COCCOCCOc1ccc(C=NNC=O)cc1
883,C#CCNC(=O)COCCOCCOCCOc1ccc(C=NNC=O)cc1
884,C#CCNC(=O)COCCOCCOCCOCCOc1ccc(C=NNC=O)cc1
885,C#CCNC(=O)COCCOCCOCCOCCOCCOc1ccc(C=NNC=O)cc1
886,C#CCNC(=O)COCCOCCOCCOCCOCCOCCOc1ccc(C=NNC=O)cc1
887,COc1ccc(C=NN)cc1
888,CCCOc1ccc(C=NN)cc1
889,CCCCOc1ccc(C=NN)cc1
890,CCCCCOc1ccc(C=NN)cc1
891,CCCCCCOc1ccc(C=NN)cc1
892,CCCCCCCOc1ccc(C=NN)cc1
893,COCCOc1ccc(C=NN)cc1
894,COCCOCCOc1ccc(C=NN)cc1
895,COCCOCCOCCOc1ccc(C=NN)cc1
896,COCCOCCOCCOCCOc1ccc(C=NN)cc1
897,COCCOCCOCCOCCOCCOc1ccc(C=NN)cc1
898,COCCOCCOCCOCCOCCOCCOc1ccc(C=NN)cc1
1060,CCOCCOc1ccc(C(C)N)cc1
1103,CCCCCOc1ccc(N=Nc2ccc(C=O)cc2)cc1
1104,CCCCCCOc1ccc(N=Nc2ccc(C=O)cc2)cc1
1105,O=Cc1cc(F)c(N=Nc2c(F)cccc2F)c(F)c1
1120,CCOCCOCC(N)COCCOCCOC
1121,CCOCC(N)COCCOCCOC
1128,OC1CC(OCCCN2CCNCC2)C1
1129,CN1CCN(CCN2CCC(OC3CC(O)C3)CC2)CC1
1147,CCCCNC(=O)C(CCn1cc(CCCC)nn1)NC(=O)OC(C)(C)C
1148,CCCCNC(=O)C([NH3+])CCn1cc(CCCC)nn1.[Cl-]
1214,COCC1CNCC(COCCN)C1
1671,O=CN1CCC(CN2CCCC(F)C2)CC1
1702,O=C(C1CCNCC1)N1CCC(Oc2ccccc2)C1
1915,O=CN1CC2CC1CN2C1CNC1
2179,CNC(=O)C(CN)NC(=O)CO
2180,CNC(=O)C(Cc1ccc(CN)cc1)NC(=O)CO
2230,NC(=O)COCCOCCNC(=O)C(CCCCNC(=O)c1ccc2c(c1)C(=O)OC21c2ccc(O)cc2Oc2cc(O)ccc21)NC(=O)COCCOCCNC(=O)CO
2277,c1ccc(OC2CC(OC3CCN(CC4CCNCC4)CC3)C2)nc1
2278,c1ccc(OC2CC(OC3CCN(CC4CCN(c5ccon5)CC4)CC3)C2)nc1
2396,COc1ccc(C=NNC(C)=O)cc1
2397,CCCOc1ccc(C=NNC(C)=O)cc1
2398,CCCCOc1ccc(C=NNC(C)=O)cc1
2399,CCCCCOc1ccc(C=NNC(C)=O)cc1
2400,CCCCCCOc1ccc(C=NNC(C)=O)cc1
2401,CCCCCCCOc1ccc(C=NNC(C)=O)cc1
2402,COCCOc1ccc(C=NNC(C)=O)cc1
2403,COCCOCCOc1ccc(C=NNC(C)=O)cc1
2404,COCCOCCOCCOc1ccc(C=NNC(C)=O)cc1
2405,COCCOCCOCCOCCOc1ccc(C=NNC(C)=O)cc1
2406,COCCOCCOCCOCCOCCOc1ccc(C=NNC(C)=O)cc1
2407,COCCOCCOCCOCCOCCOCCOc1ccc(C=NNC(C)=O)cc1
2408,C#CCNC(=O)COCCOc1ccc(C=NNC(C)=O)cc1
2409,C#CCNC(=O)COCCOCCOc1ccc(C=NNC(C)=O)cc1
2410,C#CCNC(=O)COCCOCCOCCOc1ccc(C=NNC(C)=O)cc1
2411,C#CCNC(=O)COCCOCCOCCOCCOc1ccc(C=NNC(C)=O)cc1
2412,C#CCNC(=O)COCCOCCOCCOCCOCCOc1ccc(C=NNC(C)=O)cc1
2413,C#CCNC(=O)COCCOCCOCCOCCOCCOCCOc1ccc(C=NNC(C)=O)cc1
2414,C#CCNC(=O)COc1ccc(C=NNC(C)=O)cc1
2415,C#CCNC(=O)CCCOc1ccc(C=NNC(C)=O)cc1
2416,C#CCNC(=O)CCCCOc1ccc(C=NNC(C)=O)cc1
2417,C#CCNC(=O)CCCCCOc1ccc(C=NNC(C)=O)cc1
2418,C#CCNC(=O)CCCCCCOc1ccc(C=NNC(C)=O)cc1
2419,C#CCNC(=O)CCCCCCCOc1ccc(C=NNC(C)=O)cc1
2428,Cc1nn(CC(=O)NCCO)c(C)c1N=Nc1ccc(CN)cc1
2429,Cc1nn(CC=O)c(C)c1N=Nc1ccc(CNC(=O)CCC(N)=O)cc1
2441,CC1CCC(C)CC1
2445,CC1CCC(CO)CC1
2460,COCCNC(=O)CC=NOCC(=O)NCCOCCOC
2461,CON=CCN
2555,C#CCN1CCN(CC#CCNC(=O)C=CC=O)CC1
2556,C#CCN1CCN(C(=O)C=CC=O)CC1
2559,C#CCN1CCN(CC#CCNC(=O)C2CCCCC2C=O)CC1
2560,C#CCN1CCN(C(=O)C2CCCCC2C=O)CC1
2561,C#CCN1CCN(CC#CCNC(=O)C2CCC(C=O)CC2)CC1
2562,C#CCN1CCN(C(=O)C2CCC(C=O)CC2)CC1
2610,CCNC(=O)C=CC(N)=O
2611,CCCNC(=O)C=CC(N)=O
2612,CCCCNC(=O)C=CC(N)=O
2613,CCCCCNC(=O)C=CC(N)=O
2614,CCCCCCNC(=O)C=CC(N)=O
2615,CCOCCOCCNC(=O)C=CC(N)=O
2744,CC1CN(CCOc2ccon2)CCN1CCOc1ccccn1
2745,CC1CN(CCOc2ccccn2)CCN1CCOc1ccon1
2746,c1ccc(OC2CC(OC3CCN(CCOc4ccon4)CC3)C2)nc1
2747,c1ccc(OC2CC(OC3CCN(CCN4CCN(c5ccon5)CC4)CC3)C2)nc1
2748,c1ccc(OC2CC(CN3CCC(CN4CCN(c5ccon5)CC4)CC3)C2)nc1
2749,c1ccc(OC2CC(OC3CCN(c4ccon4)CC3)C2)nc1
2750,c1ccc(OC2CC(CN3CCN(c4ccon4)CC3)C2)nc1
2752,C(#Cc1ccc(OC2CC(Oc3ccccn3)C2)cn1)COc1ccon1
