E3 Binder SMILES,E3 Binder ID
CCC[C@H](N)C(=O)N1C[C@H](O)C[C@H]1C(=O)NCc1ccc(-c2scnc2C)cc1,0
CN[C@@H](C)C(=O)N[C@H](C(=O)N1CCC[C@H]1C(=O)N[C@@H]1CCCc2ccccc21)C(C)(C)C,1
CNC(=O)C[C@H](NC(=O)[C@H]1C[C@H](O)CN1C(=O)[C@@H](c1cc(C)no1)C(C)C)c1ccc(F)cc1,2
Cc1ncsc1-c1ccc(CNC(=O)[C@@H]2C[C@@H](O)CN2C(=O)[C@H](C(C)C)N2Cc3ccccc3C2=O)c(O)c1,3
Cc1nc(C)c(-c2ccc([C@H](C)NC(=O)[C@@H]3C[C@@H](O)CN3C(=O)[C@@H](N)C(C)(C)C)cc2)s1,4
O=C1CCC(N2Cc3cc4c(cc3C2=O)CNC4)C(=O)N1,5
COc1cc(/C=C/C(=O)N2CCC=CC2=O)cc(OC)c1OC,6
CN[C@@H](C)C(=O)N[C@H](C(=O)N1CCC[C@H]1c1nc(C(=O)c2cccc(OC)c2)cs1)C1CCCCC1,7
CNC(=O)C[C@@H](NC(=O)[C@@H]1C[C@@H](O)CN1C(=O)[C@@H](NC(=O)C1(F)CC1)C(C)(C)C)c1ccc(-c2scnc2C)cc1,8
CC(=O)N[C@@H](Cc1ccccc1)C(=O)N[C@H](C(=O)N1C[C@H](O)C[C@H]1C(=O)NCc1ccc(-c2scnc2C)cc1)C(C)(C)C,9
Cc1ncsc1-c1ccc(CNC(=O)[C@@H]2C[C@@H](O)CN2C(=O)[C@H](C(C)C)N2Cc3ccccc3C2=O)cc1,10
O=C(CCl)NC(C(=O)NCc1ccccc1)c1ccc(Cl)cc1,11
CN[C@@H](C)C(=O)N[C@H](C(=O)N1Cc2ccccc2C[C@H]1C(=O)N[C@H]1CCCc2ccccc21)C(C)(C)C,12
CC(=O)N[C@H](C(=O)N1C[C@H](O)C[C@H]1C(=O)N[C@@H](C)c1ccc(C#N)cc1)C(C)(C)C,13
CN[C@@H](C)C(=O)N[C@H](C(=O)N1CCC[C@H]1c1nc(C(=O)c2ccc(F)cc2)cs1)C1CCCCC1,14
CCC(C)c1cc2c(n(-c3ccc(=O)n(CC(=O)O)c3)c1=O)CN(C(=O)OCCOC)CC2,15
O=C1CCC(NC(=O)c2ccccc2)C(=O)N1,16
CNC(=O)C[C@H](NC(=O)[C@@H]1C[C@@H](O)CN1C(=O)[C@H](NC(=O)C1(F)CC1)C(C)(C)C)c1ccc(-c2scnc2C)cc1,17
CNC(=O)C[C@H](NC(=O)[C@@H]1C[C@@H](O)CN1C(=O)[C@@H](NC(C)=O)C(C)(C)C)c1ccc(-c2scnc2C)cc1,18
O=C1CCC(N2C(=O)c3cc4c(cc3C2=O)CNC4)C(=O)N1,19
O=C1CCN(c2ccccc2Cl)C(=O)N1,20
CN[C@@H](C)C(=O)N[C@H](C(=O)N1CCC[C@H]1c1nc(-c2ccc(F)c3ccccc23)cs1)C1CCCCC1,21
COc1cc(C(=O)O)ccc1NC(=O)[C@@H]1N[C@@H](CC(C)(C)C)[C@](C#N)(c2ccc(Cl)cc2F)[C@H]1c1cccc(Cl)c1F,22
CN[C@@H](C)C(=O)N[C@H](C(=O)N1CCC[C@H]1c1nc2c(-c3ccccc3)nccc2s1)C1CCCCC1,23
CC(=O)N[C@H](C(=O)N1C[C@H](O)C[C@H]1C(=O)N[C@@H](C)c1ccc(C2CC2)cc1)C(C)(C)C,24
CNC(=O)C[C@H](NC(=O)[C@H]1C[C@H](O)CN1C(=O)[C@@H](c1cc(C)no1)C(C)C)c1ccccc1,25
CNC(=O)C[C@H](NC(=O)[C@@H]1C[C@@H](O)CN1C(=O)[C@@H](NC(C)=O)C(C)C)c1ccccc1,26
CC(C)C[C@H](NC(=O)[C@@H](O)[C@H](N)Cc1ccccc1)C(=O)O,27
C[C@H](NC(=O)[C@@H]1C[C@@H](O)CN1C(=O)[C@@H](N)C(C)(C)C)c1ccc(C#N)cc1,28
COc1ccccc1C(=O)NC1CCC(=O)NC1=O,29
CNC(=O)C[C@H](NC(=O)[C@@H]1C[C@@H](O)CN1C(=O)[C@@H](NC(=O)C1(C#N)CC1)C(C)(C)C)c1ccc(-c2scnc2C)cc1,30
CNC(=O)C[C@H](NC(=O)[C@H]1C[C@H](O)CN1C(=O)[C@@H](CNC(C)=O)C(C)C)c1ccccc1,31
C#Cc1ccc([C@H](C)NC(=O)[C@@H]2C[C@@H](O)CN2C(=O)[C@@H](N)C(C)(C)C)cc1,32
COc1cccc2c1C(=O)N(C1CCC(=O)NC1=O)C2,33
CN1CCc2cc3c(cc2CC1)C(=O)N(C1CCC(=O)NC1=O)C3=O,34
N=C(N)NCCC[C@H](N)C(=O)O,35
CC(=O)N[C@H](C(=O)N1C[C@H](O)[C@@H](F)[C@H]1C(=O)NCc1ccc(-c2scnc2C)cc1)C(C)(C)C,36
CN[C@H](C)C(=O)N[C@@H]1CCO[C@@H]2CC(C)(C)[C@H](C(=O)N[C@@H]3CCCc4cc(O)ccc43)N2C1=O,37
CC(C)c1ccc([C@H](C)NC(=O)[C@@H]2C[C@@H](O)CN2C(=O)[C@@H](N)C(C)(C)C)cc1,38
Cc1ncsc1-c1ccc(CNC(=O)[C@@H]2C[C@@H](O)CN2C(=O)[C@@H](NC(=O)C2(C#N)CC2)C(C)(C)C)cc1,39
CN[C@@H](C)C(=O)N[C@H](C(=O)N1C[C@@H](N)C[C@H]1C(=O)N[C@@H]1CCCc2ccccc21)C1CCCCC1,40
Cc1ncsc1-c1ccc([C@H](C)NC(=O)[C@@H]2C[C@@H](O)CN2C(=O)[C@@H](NC(=O)C2(F)CC2)C(C)(C)C)cc1,41
Cc1ncsc1-c1ccc([C@H](C)NC(=O)[C@@H]2C[C@@H](O)CN2C(=O)[C@@H](N)C(C)(C)C)cc1,42
CN[C@@H](C)C(=O)N[C@H](C(=O)N1CCC[C@H]1C(=O)N[C@@H]1CCCc2ccccc21)C1CCCCC1,43
COC(=O)[C@H](CC(C)C)NC(=O)[C@@H](O)[C@@H](Cc1ccccc1)NC(=O)OC(C)(C)C,44
NS(=O)(=O)c1ccc(S(=O)(=O)Nc2cccc3c(Cl)c[nH]c23)cc1,45
CC(=O)N[C@H](C(=O)N1C[C@H](O)C[C@H]1C(=O)N[C@@H](C)c1ccc(C(C)C)cc1)C(C)(C)C,46
CNC(=O)C[C@H](NC(=O)[C@@H]1C[C@@H](O)CN1C(=O)[C@@H](c1cc(C)no1)C(C)C)c1ccc(F)cc1,47
Nc1cccc2c1CN([C@H]1CCC(=O)NC1=O)C2=O,48
CC(=O)N[C@@H](C(=O)N1C[C@H](O)C[C@H]1C(=O)NCc1ccc(-c2scnc2C)cc1)C(C)C,49
C[C@H](NC(=O)[C@@H]1C[C@@H](O)CN1C(=O)[C@@H](N)C(C)(C)C)c1ccc(C2CC2)cc1,50
N#CCCN(C(=O)CCl)c1ccc2c(c1)OCCO2,51
CNC(=O)C[C@H](NC(=O)[C@@H]1C[C@@H](O)CN1C(=O)[C@@H](c1cc(C)no1)C(C)C)c1ccc(C#N)cc1,52
Cc1nc(C)c(-c2ccc(-c3c[nH]c([C@@H]4C[C@@H](O)CN4C(=O)[C@@H](N)C(C)(C)C)n3)cc2)s1,53
CNC(=O)C[C@H](NC(=O)[C@@H]1C[C@@H](O)CN1C(=O)[C@@H](c1cc(C)no1)C(C)C)c1ccccc1,54
CN[C@@H](C)C(=O)N[C@H](C(=O)N1CCC[C@H]1c1nc(C(=O)c2ccc(F)cc2)cs1)C1CCN(C)CC1,55
CC(=O)N[C@H](C(=O)N1C[C@H](O)[C@H](F)[C@H]1C(=O)NCc1ccc(-c2scnc2C)cc1)C(C)(C)C,56
O=C1CCC(N2C(=O)c3ccccc3C2=O)C(=O)N1,57
COc1ccc(C2=N[C@H](c3ccc(Cl)cc3)[C@H](c3ccc(Cl)cc3)N2C(=O)N2CCNC(=O)C2)c(OC(C)C)c1,58
COc1cc([C@@H](CC(=O)O)c2ccc(C)c(CN(C)S(=O)(=O)c3ccccc3)c2)cc2nnn(C)c12,59
CNC(=O)[C@H](CC(C)C)NC(=O)CCCc1ccccc1,60
CC(=O)N[C@H](C(=O)N1C[C@H](O)C[C@H]1C(=O)N[C@@H](C)c1ccc(Cl)cc1)C(C)(C)C,61
Cc1ncsc1-c1ccc([C@H](C)NC(=O)[C@@H]2C[C@@H](O)CN2C(=O)[C@@H](N)C(C)(C)C)cc1.Cl,62
CN[C@@H](C)C(=O)N[C@H](C(=O)N1CCC[C@H]1C(=O)N[C@H](C(=O)OC)C(c1ccccc1)c1ccccc1)C1CCCCC1,63
C#Cc1ccc([C@H](C)NC(=O)[C@@H]2C[C@@H](O)CN2C(=O)[C@@H](NC(C)=O)C(C)(C)C)cc1,64
CN[C@@H](C)C(=O)N[C@H]1CN(C(N)=O)CC[C@H]2CCC(C(=O)N[C@@H]3CCCc4ccccc43)N2C1=O,65
CC(C)CC1NC(=O)C(CC(=O)O)NC(=O)C2CCCN2C(=O)C(N)CSCc2cccc(c2)CSCC(C(N)=O)NC1=O,66
N=C(N)NCCC[C@H](NC(=O)[C@H](CCCNC(=N)N)NC(=O)[C@H](CCCNC(=N)N)NC(=O)[C@H](CCCNC(=N)N)NC(=O)[C@H](CCCNC(=N)N)NC(=O)[C@H](CCCNC(=N)N)NC(=O)[C@H](CCCNC(=N)N)NC(=O)[C@H](CCCNC(=N)N)NC(=O)[C@H](CCCNC(=N)N)NC(=O)[C@H](CCCNC(=N)N)NC(=O)[C@H](CCCNC(=N)N)NC(=O)[C@@H](N)CCCNC(=N)N)C(=O)O,67
COc1ccc(Oc2ccc(N(Cc3ccccc3)C(=O)CCl)cc2)cc1,68
O=C(CCl)NC(C(=O)NCc1ccccc1)c1nc2ccccc2s1,69
O=C1CCC(NC(=O)c2ccccc2F)C(=O)N1,70
CNC(=O)C[C@H](NC(=O)[C@H]1C[C@H](O)CN1C(=O)[C@@H](c1cc(C)no1)C(C)C)c1ccc(Cl)cc1,71
COc1ccc(C2=N[C@@H](c3ccc(Cl)cc3)[C@@H](c3ccc(Cl)cc3)N2C(=O)N2CCNC(=O)C2)c(OC(C)C)c1,72
Nc1cc(OS(=O)(=O)F)cc2c1C(=O)N(C1CCC(=O)NC1=O)C2=O,73
C[C@H](NC(=O)[C@@H]1C[C@@H](O)CN1C(=O)[C@@H](N)C(C)(C)C)c1ccc(Cl)cc1,74
CNC(=O)C[C@H](NC(=O)[C@@H]1C[C@@H](O)CN1C(=O)[C@@H](c1cc(C)no1)C(C)C)c1ccc(Cl)cc1,75
CN[C@@H](C)C(=O)N[C@H](C(=O)N1Cc2ccccc2C[C@H]1C(=O)N[C@@H]1CCCc2ccccc21)C(C)(C)C,76
CN[C@@H](C)C(=O)N[C@H](C(=O)N1C[C@@H](N)C[C@H]1C(=O)Nc1c(F)cccc1F)C(C)(C)C,77
CC(=O)N[C@H](C(=O)N1C[C@H](O)C[C@H]1C(=O)N[C@@H](C)c1ccc(C(C)(C)C)cc1)C(C)(C)C,78
Cc1ncsc1-c1ccc(CNC(=O)[C@@H]2C[C@@H](O)CN2C(=O)[C@H](C)N)cc1,79
C[C@H](NC(=O)[C@@H]1C[C@@H](O)CN1C(=O)[C@@H](N)C(C)(C)C)c1ccc(C(C)(C)C)cc1,80
CN1CCc2cc3c(cc2C1)C(=O)N(C1CCC(=O)NC1=O)C3=O,81
COc1cc([C@@H](CC(=O)O)c2ccc(C)c(CN3C[C@@H](C)Oc4ccccc4S3(=O)=O)c2)cc2nnn(C)c12,82
Cc1ncsc1-c1ccc(CNC(=O)[C@@H]2[C@@H](F)[C@@H](O)CN2C(=O)[C@@H](N)C(C)(C)C)cc1,83
O=c1cc(-c2ccccc2)oc2c1ccc1ccccc12,84
COC(=O)C[C@H]1[C@]2(C)C3=C(C)[C@H](c4ccoc4)C[C@H]3O[C@@H]2[C@@H]2OC(=O)[C@]3(C)C=CC(=O)[C@@]1(C)[C@@H]23,85
COC(=O)C[C@H]1[C@]2(C)C3=C(C)[C@H](c4ccoc4)C[C@H]3O[C@@H]2[C@@H]2OC(=O)[C@]3(C)C=CC(=O)[C@@]1(C)C23,86
O=C1CCC(n2c(=O)oc3ccccc32)C(=O)N1,87
CNC(=O)C[C@H](NC(=O)[C@H]1C[C@H](O)CN1C(=O)[C@@H](c1cc(C)no1)C(C)C)c1ccc(C#N)cc1,88
CC(=O)N[C@H](C(=O)N1C[C@H](O)C[C@H]1C(=O)N[C@@H](C)c1ccc(-c2scnc2C)cc1)C(C)(C)C,89
CC[C@@H](NC(=O)[C@@H]1CCCN1C(=O)[C@@H](NC(=O)[C@H](C)NC)C(C)(C)C)c1ccccc1,90
CNC(=O)C[C@H](NC(=O)[C@H]1C[C@H](O)CN1C(=O)[C@@H](c1cc(C)no1)C(C)C)c1ccc(-c2scnc2C)cc1,91
CNC(=O)C[C@H](NC(=O)[C@H]1C[C@H](O)CN1C(=O)[C@@H](c1cc(C)no1)C(C)C)c1ccc(Br)cc1,92
Cn1c(=O)n(C2CCC(=O)NC2=O)c2ccccc21,93
CN[C@@H](C)C(=O)N[C@H](C(=O)N1CCC[C@H]1c1cncc(-c2ccc(F)c(C(=O)O)c2)c1)C1CCCCC1,94
Cc1ncsc1-c1ccc(CNC(=O)[C@@H]2C[C@@H](O)CN2C(=O)[C@@H](N)C(C)C)cc1,95
C#Cc1ccc([C@H](CC(=O)NC)NC(=O)[C@H]2C[C@H](O)CN2C(=O)[C@@H](c2cc(C)no2)C(C)C)cc1,96
COC(=O)c1csc(C(=O)c2c[nH]c3ccccc23)n1,97
CC(=O)N[C@@H](C(=O)N1C[C@H](O)C[C@H]1C(=O)N[C@@H](C)c1ccc(-c2scnc2C)cc1)C(C)(C)C,98
CC[C@H](N)C(=O)N1C[C@H](O)C[C@H]1C(=O)NCc1ccc(-c2scnc2C)cc1,99
CN[C@@H](C)C(=O)N[C@H](C(=O)N1C[C@@H](Oc2ccccc2)C[C@H]1C(=O)N[C@@H]1CCCc2ccccc21)C1CCCCC1,100
O=C1CCC(N2C(=O)c3cccc4cccc(c34)C2=O)C(=O)N1,101
CN1CCN(c2ccc(NC3CCC(=O)NC3=O)cc2)CC1,102
CN[C@@H](C)C(=O)N[C@H]1CCO[C@H]2CC(C)(C)[C@@H](C(=O)N[C@@H]3CCCc4ccccc43)N2C1=O,103
O=C1CCC(c2ccccc2)C(=O)N1,104
Nc1cccc2c1C(=O)N(C1CCC(=O)NC1=O)C2=O,153
CC(=O)N[C@H](C(=O)N1C[C@H](O)C[C@H]1C(=O)NCc1ccc(-c2[nH]cnc2C)cc1)C(C)(C)C,106
Cc1ncsc1-c1ccc(-c2c[nH]c([C@@H]3C[C@@H](O)CN3C(=O)[C@@H](N)C(C)(C)C)n2)cc1,107
C[C@@H]1CN(CC(=O)N2CC(C)(C)c3ncc(Cc4ccc(F)cc4)cc32)[C@@H](CN2CCOC[C@H]2C)CN1,108
Cc1ncsc1-c1ccc([C@H](C)NC(=O)[C@@H]2C[C@@H](O)CN2C(=O)[C@@H](NC(=O)C2(C#N)CC2)C(C)(C)C)cc1,109
Cc1ncsc1-c1ccc(CNC(=O)[C@H]2C[C@H](O)CN2C(=O)[C@H](NC(=O)C2(C#N)CC2)C(C)(C)C)cc1,110
COc1ccccc1N1CCC(=O)NC1=O,111
Cc1ncsc1-c1ccc(CNC(=O)[C@@H]2C[C@@H](O)CN2C(=O)[C@@H](N)C(C)(C)C)cc1,112
Nc1cccc2c1CN(C1CCC(=O)NC1=O)C2=O,113
COc1cc(C(N)=O)ccc1NC(=O)[C@@H]1N[C@@H](CC(C)(C)C)[C@](C#N)(c2ccc(Cl)cc2F)[C@H]1c1cccc(Cl)c1F,114
CN[C@@H](C)C(=O)N[C@H](C(=O)N1CCC[C@H]1c1cncc(C(=O)c2ccc(F)cc2)c1)C1CCCCC1,115
CNC(=O)C[C@H](NC(=O)[C@@H]1C[C@@H](O)CN1C(=O)[C@@H](c1cc(C)no1)C(C)C)c1ccc(-c2scnc2C)cc1,116
O=C1CCC(N2C(=O)c3ccc(F)cc3C2=O)C(=O)N1,117
CC(=O)N1CCN(c2ccc3c(NCCN)nc(C4(c5ccc(Cl)cc5)CCCCC4)nc3c2)CC1,118
COc1ccc2c(c1)CCCN2C(=O)CCl,119
C#Cc1ccc([C@H](CC(=O)NC)NC(=O)[C@@H]2C[C@@H](O)CN2C(=O)[C@@H](c2cc(C)no2)C(C)C)cc1,120
COc1ccc(C2=NC(c3ccc(Cl)cc3)C(c3ccc(Cl)cc3)N2C(=O)N2CCNC(=O)C2)c(OC(C)C)c1,121
CNC(=O)C[C@H](NC(=O)[C@@H]1C[C@@H](O)CN1C(=O)[C@@H](c1cc(C)no1)C(C)C)c1ccc(Br)cc1,122
CNC(=O)[C@H](CC(C)C)NC(=O)[C@@H](O)[C@H](N)Cc1ccccc1,123
O=C1CCN(c2ccccc2)C(=O)N1,124
CN[C@@H](C)C(=O)N[C@H](C(=O)N1CCC[C@H]1c1cncc(-n2ccc3c(C(=O)O)cccc32)c1)C(C)C,125
N[C@@H](Cc1c[nH]cn1)C(=O)O,126
O=c1cc(-c2ccccc2)oc2ccc3ccccc3c12,127
Cc1ncsc1-c1ccc(CNC(=O)[C@@H]2C[C@@H](O)CN2C(=O)CN)cc1,128
CN[C@@H](C)C(=O)N[C@H](C(=O)N1C[C@H](Oc2ccccc2)C[C@H]1C(=O)N[C@@H]1CCCc2ccccc21)C1CCCCC1,129
Nc1cccc2nnn(C3CCC(=O)NC3=O)c(=O)c12,130
COC(=O)[C@H](CC(C)C)NC(=O)[C@@H](O)[C@H](N)Cc1ccccc1,131
CN[C@@H](C)C(=O)N[C@H](C(=O)N[C@H]1C[C@H]2CC[C@@H]1N(CCc1ccccc1)C2)C1CCCCC1,132
O=C(CCl)NC(C(=O)NCc1ccccc1)c1ccc(Cl)c(Cl)c1,133
CC(=O)N[C@H](C(=O)N1C[C@H](O)C[C@H]1C(=O)NCc1ccc(-c2scnc2C)cc1)C(C)(C)C,134
CCOc1cc(C(C)(C)C)ccc1C1=N[C@@](C)(c2ccc(Cl)cc2)[C@@](C)(c2ccc(Cl)cc2)N1C(=O)N1CCN(CCCS(C)(=O)=O)CC1,135
O=C1CCC(Nc2ccccc2)C(=O)N1,136
C[C@@H]1CN(CC(=O)N2CC(C)(C)c3c2cc(Cc2ccc(F)cc2)c(=O)n3C)[C@@H](CN2[C@H](C)COC[C@H]2C)CN1,137
C#Cc1ccc([C@H]2CN(C(=O)C=C)[C@H]2C(=O)Nc2cccc3cccnc23)cc1,138
NCC(=O)N[C@H]1CCC(=O)NC1=O,139
Cc1ncsc1-c1ccc(CNC(=O)[C@@H]2[C@H](F)[C@@H](O)CN2C(=O)[C@@H](N)C(C)(C)C)cc1,140
COc1cc(C(N)=O)ccc1NC(=O)[C@@H]1N[C@@H](CC(C)(C)C)[C@@]2(C(=O)Nc3cc(Cl)ccc32)[C@H]1c1cccc(Cl)c1F,141
CN[C@@H](C)C(=O)N[C@H](C(=O)N1CCC[C@H]1C(=O)Nc1snnc1-c1ccccc1)C1CCCCC1,142
NCC(=O)N[C@H]1CC(=O)NC1=O,143
Cc1cc(C(C(=O)N2C[C@H](O)CC2C(=O)NCc2ccc(-c3scnc3C)cc2)C(C)C)on1,144
Cc1ncsc1-c1ccc(CNC(=O)[C@@H]2C[C@@H](O)CN2C(=O)[C@@H](NC(=O)C2(F)CC2)C(C)(C)C)c(O)c1,145
Nc1ccc2c(c1)C(=O)N(C1CCC(=O)NC1=O)C2=O,146
CNC(=O)C[C@H](NC(=O)[C@@H]1C[C@@H](O)CN1C(=O)[C@@H](NC(=O)C1(F)CC1)C(C)(C)C)c1ccc(-c2scnc2C)cc1,147
Cc1ncsc1-c1ccc(CNC(=O)[C@@H]2C[C@@H](O)CN2C(=O)[C@@H](NC(=O)C2(F)CC2)C(C)(C)C)cc1,148
N[C@@H](CCCNC(N)=N)C(N)=O,149
CSC(C)(C)[C@H](N)C(=O)N1C[C@H](O)C[C@H]1C(=O)NCc1ccc(cc1)-c1scnc1C,150
Cc1cccc2C(=O)N(Cc12)C1CCC(=O)NC1=O,151
N[C@@H](Cc1c[nH]cn1)C(N)=O,152
Nc1cccc2C(=O)N(C3CCC(=O)NC3=O)C(=O)c12,153
CC(C)[C@H](NC(C)=O)C(=O)N1C[C@@H](O)C[C@@H]1C(=O)N[C@@H](CC=O)c1ccccc1,154
Nc1ccc2C(=O)N(Cc2c1)C1CCC(=O)NC1=O,155
COc1cc(ccc1NC(=O)[C@@H]1N[C@@H](CC(C)(C)C)[C@@](C#N)([C@H]1c1cccc(Cl)c1F)c1ccc(Cl)cc1F)C(N)=O,156
CC(C)C[C@H](NC(=O)[C@@H](O)[C@H](N)Cc1ccccc1)C(N)=O,157
CCCC(N)C(=O)N1CC(O)CC1C(=O)NCc1ccc(-c2scnc2C)cc1,0
CNC(C)C(=O)NC(C(=O)N1CCCC1C(=O)NC1CCCc2ccccc21)C(C)(C)C,1
CNC(=O)CC(NC(=O)C1CC(O)CN1C(=O)C(c1cc(C)no1)C(C)C)c1ccc(F)cc1,47
Cc1ncsc1-c1ccc(CNC(=O)C2CC(O)CN2C(=O)C(C(C)C)N2Cc3ccccc3C2=O)c(O)c1,3
Cc1nc(C)c(-c2ccc(C(C)NC(=O)C3CC(O)CN3C(=O)C(N)C(C)(C)C)cc2)s1,4
COc1cc(C=CC(=O)N2CCC=CC2=O)cc(OC)c1OC,6
CNC(C)C(=O)NC(C(=O)N1CCCC1c1nc(C(=O)c2cccc(OC)c2)cs1)C1CCCCC1,7
CNC(=O)CC(NC(=O)C1CC(O)CN1C(=O)C(NC(=O)C1(F)CC1)C(C)(C)C)c1ccc(-c2scnc2C)cc1,147
CC(=O)NC(Cc1ccccc1)C(=O)NC(C(=O)N1CC(O)CC1C(=O)NCc1ccc(-c2scnc2C)cc1)C(C)(C)C,9
Cc1ncsc1-c1ccc(CNC(=O)C2CC(O)CN2C(=O)C(C(C)C)N2Cc3ccccc3C2=O)cc1,10
CNC(C)C(=O)NC(C(=O)N1Cc2ccccc2CC1C(=O)NC1CCCc2ccccc21)C(C)(C)C,76
CC(=O)NC(C(=O)N1CC(O)CC1C(=O)NC(C)c1ccc(C#N)cc1)C(C)(C)C,13
CNC(C)C(=O)NC(C(=O)N1CCCC1c1nc(C(=O)c2ccc(F)cc2)cs1)C1CCCCC1,14
CNC(=O)CC(NC(=O)C1CC(O)CN1C(=O)C(NC(C)=O)C(C)(C)C)c1ccc(-c2scnc2C)cc1,18
CNC(C)C(=O)NC(C(=O)N1CCCC1c1nc(-c2ccc(F)c3ccccc23)cs1)C1CCCCC1,21
COc1cc(C(=O)O)ccc1NC(=O)C1NC(CC(C)(C)C)C(C#N)(c2ccc(Cl)cc2F)C1c1cccc(Cl)c1F,22
CNC(C)C(=O)NC(C(=O)N1CCCC1c1nc2c(-c3ccccc3)nccc2s1)C1CCCCC1,23
CC(=O)NC(C(=O)N1CC(O)CC1C(=O)NC(C)c1ccc(C2CC2)cc1)C(C)(C)C,24
CNC(=O)CC(NC(=O)C1CC(O)CN1C(=O)C(c1cc(C)no1)C(C)C)c1ccccc1,54
CNC(=O)CC(NC(=O)C1CC(O)CN1C(=O)C(NC(C)=O)C(C)C)c1ccccc1,26
CC(C)CC(NC(=O)C(O)C(N)Cc1ccccc1)C(=O)O,27
CC(NC(=O)C1CC(O)CN1C(=O)C(N)C(C)(C)C)c1ccc(C#N)cc1,28
CNC(=O)CC(NC(=O)C1CC(O)CN1C(=O)C(NC(=O)C1(C#N)CC1)C(C)(C)C)c1ccc(-c2scnc2C)cc1,30
CNC(=O)CC(NC(=O)C1CC(O)CN1C(=O)C(CNC(C)=O)C(C)C)c1ccccc1,31
C#Cc1ccc(C(C)NC(=O)C2CC(O)CN2C(=O)C(N)C(C)(C)C)cc1,32
N=C(N)NCCCC(N)C(=O)O,35
CC(=O)NC(C(=O)N1CC(O)C(F)C1C(=O)NCc1ccc(-c2scnc2C)cc1)C(C)(C)C,56
CNC(C)C(=O)NC1CCOC2CC(C)(C)C(C(=O)NC3CCCc4cc(O)ccc43)N2C1=O,37
CC(C)c1ccc(C(C)NC(=O)C2CC(O)CN2C(=O)C(N)C(C)(C)C)cc1,38
Cc1ncsc1-c1ccc(CNC(=O)C2CC(O)CN2C(=O)C(NC(=O)C2(C#N)CC2)C(C)(C)C)cc1,110
CNC(C)C(=O)NC(C(=O)N1CC(N)CC1C(=O)NC1CCCc2ccccc21)C1CCCCC1,40
Cc1ncsc1-c1ccc(C(C)NC(=O)C2CC(O)CN2C(=O)C(NC(=O)C2(F)CC2)C(C)(C)C)cc1,41
Cc1ncsc1-c1ccc(C(C)NC(=O)C2CC(O)CN2C(=O)C(N)C(C)(C)C)cc1,42
CNC(C)C(=O)NC(C(=O)N1CCCC1C(=O)NC1CCCc2ccccc21)C1CCCCC1,43
COC(=O)C(CC(C)C)NC(=O)C(O)C(Cc1ccccc1)NC(=O)OC(C)(C)C,44
CC(=O)NC(C(=O)N1CC(O)CC1C(=O)NC(C)c1ccc(C(C)C)cc1)C(C)(C)C,46
CC(=O)NC(C(=O)N1CC(O)CC1C(=O)NCc1ccc(-c2scnc2C)cc1)C(C)C,49
CC(NC(=O)C1CC(O)CN1C(=O)C(N)C(C)(C)C)c1ccc(C2CC2)cc1,50
CNC(=O)CC(NC(=O)C1CC(O)CN1C(=O)C(c1cc(C)no1)C(C)C)c1ccc(C#N)cc1,88
Cc1nc(C)c(-c2ccc(-c3c[nH]c(C4CC(O)CN4C(=O)C(N)C(C)(C)C)n3)cc2)s1,53
CNC(C)C(=O)NC(C(=O)N1CCCC1c1nc(C(=O)c2ccc(F)cc2)cs1)C1CCN(C)CC1,55
COc1cc(C(CC(=O)O)c2ccc(C)c(CN(C)S(=O)(=O)c3ccccc3)c2)cc2nnn(C)c12,59
CNC(=O)C(CC(C)C)NC(=O)CCCc1ccccc1,60
CC(=O)NC(C(=O)N1CC(O)CC1C(=O)NC(C)c1ccc(Cl)cc1)C(C)(C)C,61
Cc1ncsc1-c1ccc(C(C)NC(=O)C2CC(O)CN2C(=O)C(N)C(C)(C)C)cc1.Cl,62
CNC(C)C(=O)NC(C(=O)N1CCCC1C(=O)NC(C(=O)OC)C(c1ccccc1)c1ccccc1)C1CCCCC1,63
C#Cc1ccc(C(C)NC(=O)C2CC(O)CN2C(=O)C(NC(C)=O)C(C)(C)C)cc1,64
CNC(C)C(=O)NC1CN(C(N)=O)CCC2CCC(C(=O)NC3CCCc4ccccc43)N2C1=O,65
N=C(N)NCCCC(N)C(=O)NC(CCCNC(=N)N)C(=O)NC(CCCNC(=N)N)C(=O)NC(CCCNC(=N)N)C(=O)NC(CCCNC(=N)N)C(=O)NC(CCCNC(=N)N)C(=O)NC(CCCNC(=N)N)C(=O)NC(CCCNC(=N)N)C(=O)NC(CCCNC(=N)N)C(=O)NC(CCCNC(=N)N)C(=O)NC(CCCNC(=N)N)C(=O)NC(CCCNC(=N)N)C(=O)O,67
CNC(=O)CC(NC(=O)C1CC(O)CN1C(=O)C(c1cc(C)no1)C(C)C)c1ccc(Cl)cc1,75
CC(NC(=O)C1CC(O)CN1C(=O)C(N)C(C)(C)C)c1ccc(Cl)cc1,74
CNC(C)C(=O)NC(C(=O)N1CC(N)CC1C(=O)Nc1c(F)cccc1F)C(C)(C)C,77
CC(=O)NC(C(=O)N1CC(O)CC1C(=O)NC(C)c1ccc(C(C)(C)C)cc1)C(C)(C)C,78
Cc1ncsc1-c1ccc(CNC(=O)C2CC(O)CN2C(=O)C(C)N)cc1,79
CC(NC(=O)C1CC(O)CN1C(=O)C(N)C(C)(C)C)c1ccc(C(C)(C)C)cc1,80
COc1cc(C(CC(=O)O)c2ccc(C)c(CN3CC(C)Oc4ccccc4S3(=O)=O)c2)cc2nnn(C)c12,82
Cc1ncsc1-c1ccc(CNC(=O)C2C(F)C(O)CN2C(=O)C(N)C(C)(C)C)cc1,140
COC(=O)CC1C2(C)C3=C(C)C(c4ccoc4)CC3OC2C2OC(=O)C3(C)C=CC(=O)C1(C)C23,86
CC(=O)NC(C(=O)N1CC(O)CC1C(=O)NC(C)c1ccc(-c2scnc2C)cc1)C(C)(C)C,98
CCC(NC(=O)C1CCCN1C(=O)C(NC(=O)C(C)NC)C(C)(C)C)c1ccccc1,90
CNC(=O)CC(NC(=O)C1CC(O)CN1C(=O)C(c1cc(C)no1)C(C)C)c1ccc(-c2scnc2C)cc1,116
CNC(=O)CC(NC(=O)C1CC(O)CN1C(=O)C(c1cc(C)no1)C(C)C)c1ccc(Br)cc1,122
CNC(C)C(=O)NC(C(=O)N1CCCC1c1cncc(-c2ccc(F)c(C(=O)O)c2)c1)C1CCCCC1,94
Cc1ncsc1-c1ccc(CNC(=O)C2CC(O)CN2C(=O)C(N)C(C)C)cc1,95
C#Cc1ccc(C(CC(=O)NC)NC(=O)C2CC(O)CN2C(=O)C(c2cc(C)no2)C(C)C)cc1,120
CCC(N)C(=O)N1CC(O)CC1C(=O)NCc1ccc(-c2scnc2C)cc1,99
CNC(C)C(=O)NC(C(=O)N1CC(Oc2ccccc2)CC1C(=O)NC1CCCc2ccccc21)C1CCCCC1,129
CNC(C)C(=O)NC1CCOC2CC(C)(C)C(C(=O)NC3CCCc4ccccc43)N2C1=O,103
CC(=O)NC(C(=O)N1CC(O)CC1C(=O)NCc1ccc(-c2[nH]cnc2C)cc1)C(C)(C)C,106
Cc1ncsc1-c1ccc(-c2c[nH]c(C3CC(O)CN3C(=O)C(N)C(C)(C)C)n2)cc1,107
CC1CN(CC(=O)N2CC(C)(C)c3ncc(Cc4ccc(F)cc4)cc32)C(CN2CCOCC2C)CN1,108
Cc1ncsc1-c1ccc(C(C)NC(=O)C2CC(O)CN2C(=O)C(NC(=O)C2(C#N)CC2)C(C)(C)C)cc1,109
Cc1ncsc1-c1ccc(CNC(=O)C2CC(O)CN2C(=O)C(N)C(C)(C)C)cc1,112
COc1cc(C(N)=O)ccc1NC(=O)C1NC(CC(C)(C)C)C(C#N)(c2ccc(Cl)cc2F)C1c1cccc(Cl)c1F,156
CNC(C)C(=O)NC(C(=O)N1CCCC1c1cncc(C(=O)c2ccc(F)cc2)c1)C1CCCCC1,115
CNC(=O)C(CC(C)C)NC(=O)C(O)C(N)Cc1ccccc1,123
CNC(C)C(=O)NC(C(=O)N1CCCC1c1cncc(-n2ccc3c(C(=O)O)cccc32)c1)C(C)C,125
NC(Cc1c[nH]cn1)C(=O)O,126
Cc1ncsc1-c1ccc(CNC(=O)C2CC(O)CN2C(=O)CN)cc1,128
COC(=O)C(CC(C)C)NC(=O)C(O)C(N)Cc1ccccc1,131
CNC(C)C(=O)NC(C(=O)NC1CC2CCC1N(CCc1ccccc1)C2)C1CCCCC1,132
CC(=O)NC(C(=O)N1CC(O)CC1C(=O)NCc1ccc(-c2scnc2C)cc1)C(C)(C)C,134
CCOc1cc(C(C)(C)C)ccc1C1=NC(C)(c2ccc(Cl)cc2)C(C)(c2ccc(Cl)cc2)N1C(=O)N1CCN(CCCS(C)(=O)=O)CC1,135
CC1CN(CC(=O)N2CC(C)(C)c3c2cc(Cc2ccc(F)cc2)c(=O)n3C)C(CN2C(C)COCC2C)CN1,137
C#Cc1ccc(C2CN(C(=O)C=C)C2C(=O)Nc2cccc3cccnc23)cc1,138
NCC(=O)NC1CCC(=O)NC1=O,139
COc1cc(C(N)=O)ccc1NC(=O)C1NC(CC(C)(C)C)C2(C(=O)Nc3cc(Cl)ccc32)C1c1cccc(Cl)c1F,141
CNC(C)C(=O)NC(C(=O)N1CCCC1C(=O)Nc1snnc1-c1ccccc1)C1CCCCC1,142
NCC(=O)NC1CC(=O)NC1=O,143
Cc1cc(C(C(=O)N2CC(O)CC2C(=O)NCc2ccc(-c3scnc3C)cc2)C(C)C)on1,144
Cc1ncsc1-c1ccc(CNC(=O)C2CC(O)CN2C(=O)C(NC(=O)C2(F)CC2)C(C)(C)C)c(O)c1,145
Cc1ncsc1-c1ccc(CNC(=O)C2CC(O)CN2C(=O)C(NC(=O)C2(F)CC2)C(C)(C)C)cc1,148
N=C(N)NCCCC(N)C(N)=O,149
CSC(C)(C)C(N)C(=O)N1CC(O)CC1C(=O)NCc1ccc(-c2scnc2C)cc1,150
Cc1cccc2c1CN(C1CCC(=O)NC1=O)C2=O,151
NC(=O)C(N)Cc1c[nH]cn1,152
CC(=O)NC(C(=O)N1CC(O)CC1C(=O)NC(CC=O)c1ccccc1)C(C)C,154
Nc1ccc2c(c1)CN(C1CCC(=O)NC1=O)C2=O,155
CC(C)CC(NC(=O)C(O)C(N)Cc1ccccc1)C(N)=O,157
CC(=O)N[C@H](C(=O)N1C[C@@H](O)C[C@@H]1C(=O)N[C@@H](CC=O)c1ccccc1)C(C)C,257
N=C(N)NCCC[C@H](N)C(N)=O,258
NC(=O)[C@@H](N)Cc1c[nH]cn1,259
