POI Ligand SMILES,POI Ligand ID
CC[C@@H]1c2nnc(C)n2-c2cnc(Nc3ccc(C(=O)NC4CCN(C)CC4)cc3OC)nc2N1CC1CCCCC1,0
Nc1cccc(-c2cc(-c3ccc4c(c3)OCO4)[nH]n2)c1,1
COc1cc2c(Oc3ccc(NC(=O)C4(C(=O)Nc5ccc(F)cc5)CC4)cc3F)ccnc2cc1OCCCN1CCOCC1,2
CN(c1ccc(C#N)c(Cl)c1)[C@H]1CC[C@H](NC(=O)c2ccccc2)CC1,3
Nc1n[nH]c2cccc(-c3cccc(NC(=O)Nc4cccc(Cl)c4)c3)c12,4
CNC(=O)c1cc2c(cc1CS(C)(=O)=O)-c1cn(C)c(=O)c3[nH]cc(c13)CN2c1ncc(F)cc1F,5
CC1(C)CCC(c2ccc(Cl)cc2)=C(CN2CCN(c3ccc(C(=O)NS(=O)(=O)c4ccc(N[C@H](CCN5CCOCC5)CSc5ccccc5)c(S(=O)(=O)C(F)(F)F)c4)cc3)CC2)C1,6
N#Cc1ccc(OC2CCCN(C(=O)c3ccccc3)CC2)cc1Cl,7
CC1(C)CCC(c2ccc(Cl)cc2)=C(CN2CCN(c3ccc(C(=O)NS(=O)(=O)c4ccc(NC(CCN5CCNCC5)CSc5ccccc5)c(S(=O)(=O)C(F)(F)F)c4)cc3)CC2)C1,8
CCCOc1cccc(Oc2cc3c(cc2NS(=O)(=O)c2ccc(OC)c(OC)c2)n(C)c(=O)n3C)c1,9
C=CC(=O)Nc1cccc(Oc2nc(Nc3ccc(N4CCN(C)CC4)cc3)nc3ccoc23)c1,10
Cc1ccc(C(C)C)cc1Oc1nccc(-c2c(-c3ccc(C(F)(F)F)cc3)ncn2C2CCNCC2)n1,11
COc1ccc(-c2cc3ccc(O)cc3oc2=O)cc1,12
COCCOC(=O)C1=C(C)NC2=C(C(=O)CC(c3ccccc3OC)C2)C1c1cccc(O)c1,13
Cc1ccc(F)c(NC(=O)Nc2ccc(-c3cccc4[nH]nc(N)c34)cc2)c1,14
CC(=O)c1cc2c(o1)C(=O)c1ccccc1C2=O,15
CCS(=O)(=O)N1CCC([C@@H](C)n2cc(C)c3c(C(=O)NCc4c(OC)cc(C)[nH]c4=O)cccc32)CC1,16
CCC(=O)N1C[C@@H](n2nc(-c3ccc(Oc4ccccc4)cc3)c3c(N)ncnc32)C[C@H]1C(=O)O,17
Nc1ccccc1NC(=O)c1ccc(CNC(=O)OCc2cccnc2)cc1,18
C[C@@H](Oc1cc(-c2cnn(C3CCNCC3)c2)cnc1N)c1c(Cl)ccc(F)c1Cl,19
CSCC[C@H](NC(=O)[C@H](C)NC(=O)[C@H](Cc1ccccc1)NC(=O)[C@H](Cc1ccccc1)NC(=O)[C@@H]1CCCN1C(=O)[C@H](Cc1c[nH]c2ccccc12)NC(=O)[C@H](CCSC)NC(=O)[C@H](CCCCN)NC(=O)[C@H](CCCNC(=N)N)NC(=O)[C@H](Cc1ccccc1)NC(=O)[C@H](CO)NC(=O)[C@H](CCC(N)=O)NC(=O)[C@H](Cc1ccccc1)NC(=O)[C@H](CC(=O)O)NC(=O)[C@@H](N)CCCNC(=N)N)C(=O)O,20
Cc1cc(Nc2nc(NCc3ccc(F)cc3F)nc3c2cnn3C2CCNCC2)n[nH]1,21
COc1cc(-c2cnc3cccc(-c4cc(F)c(CN5CCS(=O)(=O)CC5)c(F)c4)c3n2)ccc1OCCCN1CCOCC1,22
Cc1ccc(CO)cc1N(Cc1ccccc1C#N)c1nc(Nc2ccc(N3CCNCC3)c(S(C)(=O)=O)c2)ncc1F,23
CNC(=O)c1ccc(N2C(=S)N(c3cnc(C#N)c(C(F)(F)F)c3)C(=O)C23CCC3)cc1F,24
C[C@@]12C[C@H](N)C[C@]1(C)C[C@@H](Oc1ccc(C#N)c(Cl)c1)C2,25
C=CC(=O)Nc1cccc(-n2c(=O)cc(C)c3cnc(Nc4ccc(N5CCN(C)CC5)cc4OC)nc32)c1,26
CN(CCCNc1nc(Nc2ccccc2)ncc1C1CC1)C(=O)C1CCC1,27
CNC(=O)CCc1ccc(-c2cnc(NCc3c(F)ccc4c3CCO4)n3cnnc23)c(C)n1,28
O=c1sn(-c2cccc3ccccc23)c(=O)n1Cc1ccccc1,29
CN(C)C/C=C/C(=O)Nc1cc2c(Nc3ccc(F)c(Cl)c3)ncnc2cc1O[C@H]1CCOC1,30
O=C(Nc1ccc(OC(F)(F)Cl)cc1)c1cnc(N2CC[C@@H](O)C2)c(-c2cc[nH]n2)c1,31
CNc1cc(Nc2cc(C3CC3)[nH]n2)nc(Nc2ccc(CC#N)cc2)n1,32
CC(C)(C)c1cc(NC(=O)Nc2ccc(-c3cn4c(n3)sc3cc(OCCN5CCOCC5)ccc34)cc2)no1,33
C=CCn1c(=O)c2cnc(Nc3ccc(N4CCN(C)CC4)cc3)nc2n1-c1cccc(C(C)(C)O)n1,34
Nc1nnc(-c2ccccc2O)cc1N1CCNC2(CC2)C1,35
COc1c(C)cnc(Cn2cnc3c(Cl)nc(N)nc32)c1C,36
C#CCCC(=O)N(C)CCOc1ccc(/C(=C(\CC)c2ccccc2)c2ccc(O)cc2)cc1,37
NC(=O)c1cccc(-c2cc(Nc3ccc(OC(F)(F)F)cc3)ncn2)c1,38
N[C@@H]1CCCN(c2c(/C=C3\SC(=O)NC3=O)cccc2-c2ccccc2)C1,39
Nc1nnc(-c2ccccc2O)cc1N1CC2CCC(C1)N2,40
C[C@@H]1Cc2c([nH]c3ccccc23)[C@@H](c2c(F)cc(/C=C/C(=O)O)cc2F)N1CC(C)(C)F,41
Cc1nn(C)c(COc2ccc(N3CCN(S(=O)(=O)N(C)C)CC3)cc2)c1-c1cccc2c(CCCOc3cccc4ccccc34)c(C(=O)O)n(CCN3CCOCC3)c12,42
Cn1c(=O)c(-c2c(Cl)cccc2Cl)cc2cnc(Nc3ccc(OCCN)cc3)nc21,43
CC(=O)N1c2ccc(-c3ccc(C(=O)O)cc3)cc2[C@H](Nc2ccc(Cl)cc2)C[C@@H]1C,44
CN(CCCNc1nc(Nc2ccccc2)ncc1F)C(=O)C1CCC1,45
Cc1ccc(S(=O)CC(C)(O)C(=O)Nc2ccc(C#N)c(C(F)(F)F)c2)cc1,46
CN(CCCNc1nc(Nc2ccccc2)ncc1I)C(=O)C1CCC1,47
O=C1/C(=C/C=C/c2ccc([N+](=O)[O-])cc2)c2ccccc2N1Cc1ccccc1,48
COc1cc2ncnc(Nc3n[nH]c(C)c3C)c2cc1S(=O)(=O)C(C)(C)C,49
[18F]c1ccc(-c2ccc3c(c2)[nH]c2ccncc23)cn1,50
Cn1cc(C2=C(c3ccc(Cl)cc3Cl)C(=O)NC2=O)c2ccccc21,51
CCOC(=O)c1[nH]c2cc(Cl)ccc2c1C(C(=O)NC(C)(C)C)N(C=O)Cc1cc(F)c(F)c(F)c1,52
N#Cc1ccc(O[C@H]2CC[C@H](NC(=O)c3ccccc3)CC2)cc1Cl,53
C[C@@H](C(=O)Nc1ccc(Cl)cc1)C1CCC(c2ccnc3ccc(F)cc23)CC1,54
CC(C)NC[C@@H](C(=O)N1CCN(c2ncnc3c2[C@H](C)C[C@H]3O)CC1)c1ccc(Cl)cc1,55
O=c1cc(CO)occ1O,56
OCCn1cc(Nc2ncc(Cl)c(NCc3cc(F)ccc3F)n2)cn1,57
Cc1c(COc2ccc(CN3CCCCC3C(=O)O)cc2Br)cccc1-c1ccccc1,439
CC(=O)N1CC[C@H]2CC[C@@H](C(=O)N[C@@H](CCC(N)=O)C(=O)NCc3ccccc3)N2C(=O)[C@@H](NC(=O)c2cc3cc(C(F)(F)P(=O)(O)O)ccc3[nH]2)C1,59
Nc1ncc(-c2ccc(S(=O)(=O)NC3CC3)cc2F)cc1-c1ccc2c(c1)CCNC2=O,60
O=C(Nc1ccc([N+](=O)[O-])cc1Cl)c1cc(Cl)ccc1O,61
C#CCOCCOCCOCCNc1nc(N2CCN(C(=O)[C@H](Cc3ccc(O)cc3)n3cc([C@@H](N)[C@@H](C)CC)nn3)CC2)nc(N2CCN(C(=O)[C@H](Cc3ccc(O)cc3)n3cc([C@@H](N)[C@@H](C)CC)nn3)CC2)n1,62
CCNC(=O)c1cc2c(-c3cc(C(C)(C)O)ccc3Oc3c(C)cc(F)cc3C)cn(C)c(=O)c2[nH]1,63
CC(=O)Nc1ccc(C(=O)Nc2ccccc2N)cc1,64
CN1CCN(c2ccc(Nc3ncc4nc(Nc5ccccc5)n(C5CCCC5)c4n3)cc2)CC1,65
C=CC(=O)Nc1cc(Nc2nccc(-c3cn(C)c4ccccc34)n2)c(OC)cc1N(C)CCN(C)C,66
C[C@H]1CC2(CCNCC2)CN1c1ccc(C#N)c(Cl)c1,67
Nc1nc2c(c(=O)[nH]1)[n+](Cc1ccc(F)cc1)cn2[C@H]1O[C@@H](COS(=O)(=O)O)[C@H](O)[C@@H]1O,68
COc1ccc2c(Nc3c(Cl)cncc3Cl)cc(=O)oc2c1OCCCCCCC(=O)O,69
CC1(C)CC[C@]2(C(=O)O)CC[C@]3(C)C(=CCC4[C@@]5(C)CC[C@H](O)C(C)(C)C5CC[C@]43C)C2C1,70
O=C(O)c1ccc(NC(=O)[C@@H]2NC3(CCCCC3)[C@@]3(C(=O)Nc4cc(Cl)ccc43)[C@H]2c2cccc(Cl)c2F)cc1,71
O=C(O)c1ccc(-n2cc(NC(=O)c3coc(-c4ccnc(NCC(F)(F)F)c4)n3)c(C(F)F)n2)cc1,72
CC(=O)Nc1n[nH]c2cc(-c3cnn(CC(=O)Nc4ccc(C)c(C(F)(F)F)c4)c3)ccc12,73
Nc1ncnc2c1c(-c1ccc(Oc3ccccc3)cc1)nn2C1CCNCC1,74
C[C@@H]1CN(c2cc(-c3n[nH]c4ccc(OC5(C)CC5)cc34)ncn2)C[C@H](C)O1,75
C[C@H](CC(=O)N1CCC(O)(Cn2cnc3c(-c4ccc(CN)cc4)n(C)nc3c2=O)CC1)c1ccccc1,76
CC1(C)C(NC(=O)O)C(C)(C)C1Oc1ccc(C#N)c(Cl)c1,77
Oc1ccc(C2CCN(C3=Nn4c(nnc4C(F)(F)F)CC3)CC2)cc1,78
CC/C(=C(\c1ccccc1)c1ccc(/C=C/C(=O)O)cc1)c1ccccc1,79
CN(CCCNc1nc(Nc2ccccc2)ncc1C1CCC1)C(=O)C1CCC1,80
Cc1nc(Nc2ncc(C(=O)Nc3c(C)cccc3Cl)s2)cc(N2CCN(CCO)CC2)n1,81
C=Cc1c(Cc2ccc(F)c(C(=O)N3CCN(C(=O)CCC)CC3)c2)n[nH]c(=O)c1C,82
CC(C)c1cnn2c(NCc3ccccc3N(C)C)nc(OC3CCN(C)CC3)nc12,83
CCCCNNC(=O)c1ccc(-c2ccccc2)cc1,84
CCCCn1cc(-c2cc(F)c(O)c(F)c2)c2ccncc2c1=O,85
Nc1nc2c(c(=O)[nH]1)[n+](Cc1ccccc1)cn2[C@H]1O[C@@H](CO[PH](=O)O)[C@H](O)[C@@H]1O,86
COc1ccc(-c2cn(C)c(=O)c3cc(C(=N)NC4CCS(=O)(=O)CC4)sc23)cc1OC,87
N#Cc1ccc(O[C@H]2C[C@H]3CC[C@@H](C2)N3)cc1Cl,88
Nc1nc2c(ncn2[C@H]2O[C@@H](CO[PH](=O)[O-])[C@H](O)[C@@H]2O)c(=O)[nH]1,89
COc1ccc(CC(=O)Nc2cc(C3CCC3)[nH]n2)cc1,90
O=C(NC1CCNCC1)c1n[nH]cc1NC(=O)c1c(Cl)cccc1Cl,91
CC(C)(C)c1cc(NC(=O)Nc2ccc(-c3cn4c(n3)sc3ccccc34)cc2)no1,92
COC(=O)c1ccc([C@H]2c3[nH]c4ccccc4c3C[C@H](C(=O)OC)N2C(=O)CCl)cc1,93
CN1CCN(c2ccc(-c3cccc(CN4CCOCC4)c3)cc2NC(=O)c2c[nH]c(=O)cc2C(F)(F)F)CC1,94
CCOc1cc(C(=O)N2CCC(N3CCN(C)CC3)CC2)ccc1Nc1ncc2c(n1)N(C1CCCC1)c1ccccc1C(=O)N2C,95
C#CCOc1ccc(CC(NC(=O)OC(C)(C)C)C(=O)N2CCN(Cc3ccc(-c4cc(C(=O)NCc5c(C)cc(C)[nH]c5=O)c(C)c(N(CC)C5CCOCC5)c4)cc3)CC2)cc1,96
O=S(=O)(C1C[C@@H]2O[C@H]1C(c1ccc(O)cc1)=C2c1ccc(O)cc1)N(CC(F)(F)F)c1ccccc1,97
CN1C(=O)N(c2ccc(C#N)c(C(F)(F)F)c2)C(=O)C1(C)c1ccc(O)cc1,98
N#CC1=C(C#N)c2ccc(Sc3ccc(Br)cc3)c3cccc(c23)C1=O,99
Cc1c(NC(=O)c2ccc(C(C)(C)C)cc2)cccc1-c1cn(C)c(=O)c(Nc2ccc(C(=O)N3CCOCC3)cc2)n1,100
CNC(=O)Nc1ccc2c(c1)CC[C@]21CN(CC(=O)N(Cc2ccc(F)cc2)[C@@H](C)C(F)(F)F)C(=O)O1,101
Nc1nc(N)c2c(OCC3CCN(Cc4c(Cl)cccc4Cl)CC3)cccc2n1,102
CCc1cnc(Nc2ccccc2)nc1NCCCN(C)C(=O)C1CCC1,103
CO[C@H]1C[C@@H]2CC[C@@H](C)[C@@](O)(O2)C(=O)C(=O)N2CCCC[C@H]2C(=O)O[C@H]([C@H](C)C[C@@H]2CC[C@@H](O)[C@H](OC)C2)CC(=O)[C@H](C)/C=C(\C)[C@@H](O)[C@@H](OC)C(=O)[C@H](C)C[C@H](C)/C=C/C=C/C=C/1C,104
CNC(=O)c1ccccc1Nc1nc(Nc2ccc(N3CCOCC3)cc2OC)ncc1Cl,105
Cc1cc(Nc2ccnc(Nc3ccc(O)cc3)n2)n[nH]1,106
C=C1CC[C@H]2[C@@H](/C=C(\C)C(=O)[C@@]3(O)C[C@H](C)[C@H](O)[C@@H]3[C@H]1O)C2(C)C,107
O=c1[nH][nH]c2nc3ccccc3nc12,108
Cc1[nH]nc(Nc2ccnc(Nc3ccc(CC#N)cc3)n2)c1C,109
Cc1nnc2n1-c1sc(C#Cc3cnn(C)c3)c(Cc3ccccc3)c1COC2,110
CCCNNC(=O)c1ccc(N2CCN(C)CC2)cc1,111
CCCCc1ccc(NC(=O)c2ccc([N+](=O)[O-])o2)cc1,112
O=C(Nc1ccc(CN2CCNCC2)cc1)c1n[nH]cc1Nc1ncnc2[nH]ccc12,113
CCS(=O)(=O)Nc1ccc(Oc2ccc(F)cc2F)c(-c2cn(C)c(=O)c3[nH]ccc23)c1,114
C[C@]12CC[C@@H]3c4ccc(O)cc4CC[C@H]3[C@@H]1CC[C@@H]2O,115
Nc1cccc2c1C(=O)N(C1CCC(=O)NC1=O)C2=O,116
CCS(=O)(=O)N1CC(CC#N)(n2cc(-c3ncnc4[nH]ccc34)cn2)C1,117
C=Cc1cnc(Nc2ccccc2)nc1NCCCN(C)C(=O)C1CCC1,118
O=C(NO)c1cccc(-n2cc(CSc3ccccc3)nn2)c1,119
CN1CCN(CCC(=O)Nc2ccc3c(=O)n(CC4(O)CCN(C(=O)C(CCCNC(=O)c5ccc6c(Cl)c7c(nc6c5)CCCC7)Cc5ccccc5)CC4)cnc3c2)CC1,120
C[C@@H](OC(C)(C)C)[C@H](NC(=O)OCc1ccccc1)C(=O)N[C@@H](CC1CCCCC1)C(=O)N[C@H](C=O)C[C@@H]1CCNC1=O,121
O=C(CCCO/N=C1C(=C2/C(=O)Nc3ccccc32)/Nc2ccccc2/1)NO,122
CC(C)C[C@H](NC(=O)[C@H]1CCCN1)C(=O)N[C@@H](Cc1cnc[nH]1)C(=O)N[C@@H](CO)C(=O)N[C@H](C(=O)O)[C@@H](C)OP(=O)(O)O,123
CC(C)(C)c1cc(NC(=O)Nc2ccc(-c3c[nH]c4ncnc(N)c34)cc2)no1,124
C[C@H]1CC2(CCN(c3ccc(C(=O)N4CCN(C)CC4)cc3)CC2)CN1c1ccc(C#N)c(Cl)c1,125
C=CC(=O)N1C[C@H](n2nc(-c3ccc(Oc4ccccc4)cc3)c3c(N)ncnc32)C[C@H]1C(=O)O,126
CC(C)CCN[C@@H]1CCc2cc(O)c(N3CC(=O)NS3(=O)=O)c(F)c2C1,127
CCn1c(=O)c2cc(C(N)=O)c(N)nc2n(CC)c1=O,128
CN(C)C/C=C/C(=O)Nc1cc2c(Nc3ccc(F)c(Cl)c3)ncnc2cc1OC1CCOC1,129
N#Cc1ccc(O[C@@H]2CCC[C@@H](NC(=O)c3ccccc3)CC2)cc1Cl,130
CN(C)CCCOc1ccc(-c2cc(NCCCn3cccn3)nc(S(C)(=O)=O)n2)cc1,131
COCCNC(=O)c1ccc(S(N)(=O)=O)cc1,132
CN1C[C@H](Nc2cnn(C)c(=O)c2Br)C[C@H](c2ccccc2)C1,133
CC(=O)Nc1ccc(OCC(C)(O)C(=O)Nc2ccc([N+](=O)[O-])c(C(F)(F)F)c2)cc1,250
CS(=O)(=O)CCNCc1ccc(-c2ccc3ncnc(Nc4ccc(OCc5cccc(F)c5)c(Cl)c4)c3c2)o1,135
C=CC(=O)N1CCN(c2nc(=O)n(-c3c(C)ccnc3C(C)C)c3nc(-c4c(O)cccc4F)c(F)cc23)[C@@H](C)C1,136
NC(=O)c1nn(-c2ccccc2)cc1NC(=O)c1coc(-c2ccnc(NCC(F)(F)F)c2)n1,137
Cc1ccc(-n2nc3c(=O)n(CCCC(=O)NCC(C)c4ccccc4)nc(C)c3c2C)cc1,138
COc1cc(C2CCNCC2)ccc1Nc1ncc(Cl)c(Nc2ccccc2NS(C)(=O)=O)n1,139
CC(C)c1cc(C(=O)N2Cc3ccc(CN4CCN(C)CC4)cc3C2)ccc1O,140
COc1ccc(-c2c[nH]c3ncc(-c4ccc(N5CCNCC5)cc4)cc23)cc1OC,141
Cc1ccc(C(=O)Nc2ccc(CN3CCN(C)CC3)c(C(F)(F)F)c2)cc1C#Cc1cnc2cccnn12,142
COC(=O)[C@H](C)NC(=O)[C@H](C)NC(=O)[C@H](CCCCNC(C)=S)NC(=O)c1ccc(C(=O)c2ccc(OC/C=C/CN=[N+]=[N-])cc2)cc1,143
COc1ccc(N2Cc3ccc(O)cc3OC2=O)cc1OC,144
Cc1nn(-c2ccc(C#N)c(Cl)c2)c(C)c1CCc1ccc(F)cc1,145
NC(=O)c1nn(-c2ccc(C(=O)O)cc2)cc1NC(=O)c1coc(-c2ccncc2)n1,146
CNc1cc(Nc2cc(C)cc(C)c2)nn2c(C(N)=O)cnc12,147
Cn1cc(-c2cc(-c3ccccc3O)nnc2N)cn1,148
CC[N]CCOc1ccc(/C(=C(/CC)c2ccccc2)c2ccc(O)cc2)cc1,149
CN(CCCNc1ccnc(Nc2ccccc2)n1)C(=O)C1CCC1,150
NC(=O)[C@@H]1CC2CCCCC2N1C(=O)c1cccc([C@@H]2CCCN2C(=O)c2ccc3[nH]ncc3c2F)c1Cl,151
Cc1c(-c2nc(Nc3ccccc3)c3nc[nH]c3n2)cccc1N1CCn2c(cc3c2CC(C)(C)C3)C1=O,152
O=C(Nc1ccc(OC(F)(F)F)cc1)N[C@H]1CC[C@H](Oc2ccc(C(=O)O)cc2)CC1,153
CN(C)C(=O)CCN(C(=O)[C@@H]1CCCN1C(=O)[C@@H](NC(=O)c1cc2cc(C(F)(F)P(=O)(O)O)ccc2s1)C(C)(C)C)c1ccc(Br)cc1,154
COc1ccc(Cn2ccc3ccc(C(=O)NO)cc32)cc1,155
Nc1nc2c(ncn2[C@H]2O[C@@H](COS(=O)(=O)O)[C@H](O)[C@@H]2O)c(=O)[nH]1,156
NS(=O)(=O)c1ccc(C(=O)O)cc1,157
CCCn1cc(-c2ncnc3[nH]ccc23)cn1,158
C=CC(=O)Nc1cccc(Nc2nc(Nc3ccc(N4CCN(C(C)=O)CC4)cc3OC)ncc2C(F)(F)F)c1,159
COC(=O)C1=CC[C@@]23CC[C@H]([C@@](C)(/C=C/C=C(\C)C(=O)O)OC2=O)[C@@]3(OC(C)=O)CC1,160
O=C1Nc2ccccc2-c2nc(Nc3ccc(N4CCNCC4)cc3)ncc2N1,161
O=S(=O)(c1ccc(S(=O)(=O)N(Cc2ccc(Cl)cc2)C2CCCC2)cc1)N(Cc1ccccc1)CC1CCNCC1,162
N[C@@H](Cc1ccc(O)c(O)c1)C(=O)O,163
Cc1ccc(C(=O)Nc2ccc(CN3CCN(C)CC3)c(C(F)(F)F)c2)cc1C#Cc1cnc2[nH]ncc2c1,164
COc1ccccc1S(=O)(=O)Nc1ccc2c3c(cccc13)C(=O)N2C,165
C#CC(=O)N1CCN(Cc2ccc(-c3cc(C(=O)NCc4c(C)cc(C)[nH]c4=O)c(C)c(N(CC)C4CCOCC4)c3)cc2)CC1,166
CCc1ccc(/C=C2/SC(=S)NC2=O)cc1,167
CCN1CCN(c2ccc(Nc3cc(N(C)C(=O)Nc4c(Cl)c(OC)cc(OC)c4Cl)ncn3)cc2)CC1,168
CN1CCN(c2ccc(C(=O)Nc3n[nH]c4ccc(Cc5cc(F)cc(F)c5)cc34)c(NC3CCOCC3)c2)CC1,169
CCCCn1cc(-c2cc(OC)c(C)c(OC)c2)c2ccncc2c1=O,170
NCCCOC(=O)NC(Nc1ncccn1)C(Cl)(Cl)Cl,171
Nc1nnc(-c2ccccc2O)cc1N1CCC(c2ccccc2)CC1,172
CC(=O)O[C@@H]1C[C@H](O)[C@@]23CO[C@@H](O)[C@]1(C)[C@@H]2C[C@@H](O)[C@]1(C)[C@@H]3C(=O)[C@H](OC(C)=O)[C@@]2(C)[C@H](c3ccoc3)C[C@H]3O[C@]321,173
COc1cc2nc(C)nc(N[C@H](C)c3cc(N)cc(C(F)(F)F)c3)c2cc1O[C@H]1CCOC1,174
N#Cc1ccc(O[C@H]2CC[C@H](NC(=O)c3cccnn3)CC2)cc1Cl,175
CCOc1cc(C(C)(C)C)ccc1C1=NC(c2ccc(Cl)cc2)C(c2ccc(Cl)cc2)N1C(=O)N1CCNCC1,531
CNC(=O)c1cc(Oc2ccc(NC(=O)Nc3ccc(Cl)c(C(F)(F)F)c3)cc2)ccn1,177
Nc1nc2c(c(=O)[nH]1)[n+](Cc1ccccc1)cn2[C@@H]1O[C@H](COP(=O)(O)O)[C@@H](O)[C@H]1O,178
CS(=O)(=O)c1cccc(CNc2nc(Nc3ccc(C(N)=O)cc3)ncc2C(F)(F)F)c1,179
CNc1nc(Nc2ccc(C(=O)N3CCOCC3)cc2OC)ncc1Cl,180
O=C(O)CNc1ncnc2[nH]cc(C(=O)c3ccc(Oc4ccccc4)cc3Cl)c12,181
COc1cc(N2CCC(N)CC2)ccc1Nc1ncc(Cl)c(Nc2ccccc2P(C)(C)=O)n1,182
Cc1ccc(NC(=O)c2ccc(CN3CCN(C)CC3)cc2)cc1Nc1nccc(-c2cccnc2)n1,183
Nc1nc2c(c(=O)[nH]1)[n+](Cc1ccc(F)cc1)cn2[C@@H]1O[C@H](COP(=O)(O)O)[C@@H](O)[C@H]1O,184
Cc1c(COc2cc(OCc3cccc(C#N)c3)c(CN3CCCCC3C(=O)O)cc2Cl)cccc1-c1ccccc1,185
Cc1ccc(-n2nc3c(=O)n(CCCC(N)=O)nc(C)c3c2C)cc1,186
COc1c(F)cc(N2C(=S)N(c3ccc(C#N)c(C(F)(F)F)c3)C(=O)C2(C)C)cc1F,187
CCCS(=O)(=O)Nc1ccc(F)c(-n2cc(-c3cncnc3)c3nc(N(C)C4CCN(CC)CC4)ccc32)c1F,188
CN(C)C1CCN(c2ccc(Nc3cc4c(N5CCC(CO)CC5)nc(Nc5ccc(F)cc5)nc4cn3)nc2)CC1,189
COc1cc(N2CCC(O)CC2)ccc1Nc1ncc2c(n1)N(C)c1ccccc1C(=O)N2C,190
Cc1sc2c(c1C)C(c1ccc(Cl)cc1)=N[C@@H](CC(=O)OC(C)(C)C)c1nnc(C)n1-2,191
CC(C)Nc1cc(-c2c[nH]c(C(=O)N[C@H](CO)c3cccc(Cl)c3)c2)c(Cl)cn1,192
CC1(C)C(=O)N(c2cnc(C#N)c(C(F)(F)F)c2)C(=S)N1c1ccc(O)cc1,193
Cn1nccc1Nc1nccc(-c2ccn([C@H](CO)c3ccc(Cl)c(F)c3)c(=O)c2)n1,194
COc1cccc(Nc2[nH]nc(-c3ccc(NS(=O)(=O)C(F)F)cc3)c2C(N)=O)c1,195
O=C1COc2cc(C(=O)N(Cc3ccc(C(=O)Nc4ccncn4)cc3)C3CC3)ccc2N1,196
Cc1c(N2CCC3(CCNCC3)C2C)ccc(C#N)c1Cl,197
COc1cc(CC(=O)N[C@@H](Cc2ccccc2)C(=O)N[C@@H](Cc2ccc(C(F)(F)P(=O)(O)O)cc2)C(=O)N[C@@H](CCCCNC(=O)c2ccc(C)c(Br)c2)C(N)=O)ccc1O,198
Nc1ncc(-c2nc(N3CCOCC3)nc(N3CCOCC3)n2)c(C(F)F)n1,199
C[C@@H]1CCC2[C@@H](C)[C@@H](OCCNCCO[C@H]3O[C@@H]4O[C@@]5(C)CCC6[C@H](C)CCC([C@H]3C)[C@]64OO5)O[C@@H]3O[C@@]4(C)CCC1[C@@]23OO4,200
Cc1c(-c2ccc(O)cc2)n(Cc2ccc(OCCN3CCCCCC3)cc2)c2ccc(O)cc12,201
CC1(C)C(=O)N(c2ccc(C#N)c(C(F)(F)F)c2)C(=O)N1c1ccc(O)cc1,202
CCC(C)N1c2ccccc2C(=O)N(C)c2cnc(Nc3ccc(C(=O)N4CCC(N5CCN(C)CC5)CC4)cc3OC)nc21,203
CCCCCCCCCCCCCC(=S)NCCCC[C@H](NC(=O)OCc1ccccc1)C(=O)Nc1ccccc1,204
Brc1cccc(-c2cc(-c3ccc4c(c3)OCO4)[nH]n2)c1,205
O=C(NCCO)c1nc2ccccc2[nH]c1=O,206
CCC(=O)N1CCC[C@H](n2c(Nc3ccccc3)nc3cnc(Nc4ccc(N5CCN(C)CC5)cc4)nc32)C1,207
C#CCCC(=O)N1CCN(Cc2ccc(-c3cc(C(=O)NCc4c(C)cc(C)[nH]c4=O)c(C)c(N(CC)C4CCOCC4)c3)cc2)CC1,208
CN(C)C(=O)c1cc2cnc(Nc3ccc(N4CCNCC4)cn3)nc2n1C1CCCC1,209
COc1nc(-c2ccnc(NC(=O)C3CC3)c2)sc1C(N)=O,210
C[C@H](NC(=O)c1ccc2ccccc2c1)c1ccccn1,211
Cc1cc(N(C)C)nc(Nc2ccc(NC(=O)Cc3ccccc3)cc2)n1,212
N#CC[C@H](C1CCCC1)n1cc(-c2ncnc3[nH]ccc23)cn1,213
COc1ccc2nc(/N=N/c3ccc(N(C)C)cc3)sc2c1,214
COc1cc(N2CCN(C)CC2)ccc1Nc1ncc2c(n1)N(C)c1ccccc1C(=O)N2CC(F)(F)F,215
CC1CN(C2COC2)CCN1c1ccc(Nc2cc(-c3ccnc(N4CCn5c(cc6c5CC(C)(C)C6)C4=O)c3CO)cn(C)c2=O)nc1,216
CC[C@@H]1[C@H](F)C(=O)N[C@@H]1COc1nccc2cc(C(N)=O)c(OC)cc12,217
CC[C@H](C)[C@H](N)c1cn([C@@H](Cc2ccc(O)cc2)C(=O)N2CCN(c3nc(N)nc(N4CCN(C(=O)[C@H](Cc5ccc(O)cc5)n5cc([C@@H](N)[C@@H](C)CC)nn5)CC4)n3)CC2)nn1,218
CNC(=O)c1cccc(C(=O)NO)c1,219
Cc1nc(N2CCC3(CC2)CO[C@@H](C)[C@H]3N)c(CO)nc1-c1cccc(Cl)c1Cl,220
CNC(=O)C1CCN(C(=O)CCC(=O)N(CC(C)(C)C)c2ccc(Cl)cc2C(O)c2ccccc2Cl)CC1,221
CC1(C)[C@H](NC(=O)c2cnn(CCO)c2)C(C)(C)[C@H]1Oc1ccc(C#N)c(Cl)c1,222
C/C=C/C[C@@H](C)[C@@H](O)[C@H]1C(=O)N[C@@H](CC)C(=O)N(C)CC(=O)N(C)[C@@H](CC(C)C)C(=O)N[C@@H](C(C)C)C(=O)N(C)[C@@H](CC(C)C)C(=O)N[C@@H](C)C(=O)N[C@H](C)C(=O)N(C)[C@@H](CC(C)C)C(=O)N(C)[C@@H](CC(C)C)C(=O)N(C)[C@@H](C(C)C)C(=O)N1C,223
N#Cc1ccc(N[C@H]2CC[C@H](NC(=O)c3ccccc3)CC2)cc1Cl,224
Cc1ccccc1N1C(=O)[C@@H]2[C@H](C1=O)[C@@H]1C=C[C@H]2C1,225
CNC(=O)c1ccc(-c2cc3cccc(-c4nn(C5CCOCC5)c5c4CN(C(C)=O)CC5)c3cn2)cn1,226
CC[C@H](C)[C@@H]([C@@H](CC(=O)N1CCC[C@H]1[C@H](OC)[C@@H](C)C(=O)N[C@H](C)[C@@H](O)c1ccccc1)OC)N(C)C(=O)[C@@H](NC(=O)[C@@H](NC)C(C)C)C(C)C,227
C[C@H]1CCCN1Cc1nc2ccc(NC(=O)c3ccc4c(cnn4C)c3)cc2[nH]1,228
CC(C)(c1ccc(OC[C@H](O)CO)cc1)c1ccc(OC[C@H](O)CCl)cc1,229
CC(C)(C)c1nc(-c2cccc(NS(=O)(=O)c3c(F)cccc3F)c2F)c(-c2ccnc(N)n2)s1,230
CC(=O)N1CCN([C@H]2CC[C@@H](Nc3ncnn4ccc(C(C)C)c34)CC2)CC1,231
Cc1cc(C)cc(COc2cc3c(cc2OCc2cc(C)cc(C)c2)[C@H]2C[C@@H](O)C[C@H](C)N2CC3)c1,232
CN(C)C(=O)CCN(C(=O)[C@@H]1CCCN1C(=O)[C@@H](NC(=O)c1cc2cc(C(F)(F)P(=O)(O)O)ccc2s1)C(C)(C)C)c1ccc(-c2nccs2)cc1,233
COc1cc(Nc2ncc3c(n2)-c2ccc(Cl)cc2C(c2c(F)cccc2OC)=NC3)ccc1C(=O)O,234
CC(C)n1nc(-c2ccc3oc(N)nc3c2)c2c(N)ncnc21,235
CNC(=O)c1ccc(Nc2ncc(C(F)(F)F)c(NCc3ccccc3N(C)S(C)(=O)=O)n2)cc1,236
Cc1cnc(Nc2ccccc2)nc1NCCCN(C)C(=O)C1CCC1,237
COc1ncc(-c2ccc3ncc(-c4nnc(CCN5CCN(C)CC5)o4)n3c2)cc1NS(=O)(=O)c1ccc(F)cc1F,238
C[C@@H]1Cc2c([nH]c3ccccc23)[C@@H](c2cnc(Cl)nc2)N1CC(C)(C)F,239
C[C@@H]1CC2(CCN(c3ccc(C(=O)N4CCN(C)CC4)cc3)CC2)CN1c1ccc(C#N)c(Cl)c1,240
Nc1nc2c(ncn2[C@@H]2O[C@H](COP(=O)(O)OP(=O)(O)O)[C@@H](O)[C@H]2O)c(=O)[nH]1,241
O=C(NC[C@H](O)CN1CCc2ccccc2C1)c1cc(NC2COC2)ncn1,242
CC(=O)Nc1ccc(C(=O)Nc2cc(-c3cccs3)ccc2N)cc1,243
CCOC(=O)c1csc(-n2nc(-c3cccc(C#CCCCCN)c3)c(Cc3ccc(S(N)(=O)=O)cc3)c2CC2CC2)n1,244
Nc1nc2c(c(=O)[nH]1)[n+](Cc1ccc(F)cc1)cn2[C@H]1O[C@@H](COP(=O)(O)OP(=O)(O)O)[C@H](O)[C@@H]1O,245
CN1CCC(COc2cnc(-c3cccc(Cn4nc(-c5cccc(C#N)c5)ccc4=O)c3)nc2)CC1,246
NC(c1cccnc1)c1cc2ccccc2o1,247
O=C(c1ccc(OCCN2CCCCC2)cc1)c1c(-c2ccc(O)cc2)sc2cc(O)ccc12,248
COc1cc(Nc2c(C#N)cnc3cc(OCCCN4CCN(C)CC4)c(OC)cc23)c(Cl)cc1Cl,249
CC(=O)Nc1ccc(OC[C@](C)(O)C(=O)Nc2ccc([N+](=O)[O-])c(C(F)(F)F)c2)cc1,250
N#CN1CCC[C@H](n2nc(-c3ccc(Oc4ccc(F)cc4F)cc3)c(C(N)=O)c2N)C1,251
Nc1nc(Nc2ccc(S(N)(=O)=O)cc2)nn1C(=O)c1c(F)cccc1F,252
O=C(c1cc(Cc2n[nH]c(=O)c3ccccc23)ccc1F)N1CCN(C(=O)C2CC2)CC1,253
Cc1noc(C)c1-c1ccc2c(c1)C(c1ccccc1)NC(=O)N2C,254
CCCNNC(=O)c1ccc(NC(C)=O)cc1,255
CC(C)NC[C@@H](C(=O)N1CCC(c2ncnc3c2[C@H](C)C[C@H]3O)CC1)c1ccc(Cl)cc1,256
CC(O)(CS(=O)(=O)c1ccc(F)cc1)C(=O)Nc1ccc(C#N)c(C(F)(F)F)c1,257
COc1ccc(C(=O)NO)cc1NC(=O)c1ccccc1,258
CC(C)(C)S(=O)(=O)c1ccc2nccc(Nc3ccc4scnc4c3)c2c1,259
CCCS(=O)(=O)Nc1ccc(F)c(C(=O)c2c[nH]c3ncc(-c4ccc(Cl)cc4)cc23)c1F,260
CS(=O)(=O)c1ccc(-c2cnc(NCc3ccco3)n3cnnc23)cc1,261
CCN1CCN(Cc2ccc(Nc3ncc(F)c(-c4cc(F)c5nc(C)n(C(C)C)c5c4)n3)nc2)CC1,262
CC[N]CCOc1ccc([C@@H]2c3ccc(O)cc3CC[C@@H]2c2ccccc2)cc1,263
O=C(Nc1nccs1)C(c1cc(F)ccc1F)N1Cc2ccc(-c3ccc(N4CCNCC4)cc3)cc2C1=O,264
NS(=O)(=O)NCCNc1nonc1/C(=N\O)Nc1ccc(F)c(Br)c1,265
CCCN(c1ccc(C#N)c(Cl)c1)[C@H]1CC[C@H](NC(=O)c2ccccc2)CC1,266
CC(=O)CCNC1=C(C#N)C(=O)c2cccc3c(Sc4ccc(Br)cc4)ccc1c23,267
CN1C[C@@H](Nc2cnn(C)c(=O)c2Br)C[C@@H](c2ccccc2)C1,268
COc1cc2c(OC[C@@H]3CCC(=O)N3)nccc2cc1C(N)=O,269
CCCOc1cc(OCCCCN(C)C)cc(Oc2cc3c(cc2NS(=O)(=O)c2ccc(OC)c(OC)c2)n(C)c(=O)n3C)c1,270
CNCc1ccc(-c2[nH]c3cc(F)cc4c3c2CCNC4=O)cc1,271
COC1=C2C[C@@H](C)C[C@H](OC)[C@H](O)[C@@H](C)/C=C(\C)[C@H](OC(N)=O)[C@@H](OC)/C=C\C=C(/C)C(=O)NC(=CC1=O)C2=O,272
O=C(Nc1nccs1)C(c1ccccc1)N1Cc2ccc(-c3ccc(N4CCNCC4)nc3)cc2C1=O,273
NC1(c2ccc(-c3nc4ccn5c(=O)[nH]nc5c4cc3-c3ccccc3)cc2)CCC1,274
C[C@@H](OP(=O)(O)O)[C@@H]1NC(=O)[C@H](Cc2cncn2CCCCCCCCc2ccccc2)NC(=O)[C@@H](N)CCC(=O)NCCCC[C@@H](C(N)=O)NC1=O,275
COc1cc(/C=C2\SC(=O)N(C)C2=O)ccc1Oc1ccc(C#N)cc1C(F)(F)F,276
O=C(O)c1cc(O)c2c(c1)C(=O)c1cccc(O)c1C2=O,277
COC(=O)C1CCN(c2ncc(C(=O)Nc3ccc(OC(F)(F)Cl)cc3)cc2-c2ccn[nH]2)C1,278
CC1=C(O)C(=O)C=C2C1=CC=C1[C@@]2(C)CC[C@@]2(C)[C@@H]3C[C@](C)(C(=O)O)CC[C@]3(C)CC[C@]12C,279
CC(O)(COc1ccc(O)cc1)C(=O)Nc1ccc(C#N)c(C(F)(F)F)c1,280
COc1cc(/C=C(\C#N)C(N)=O)ccc1OCc1ccc(C(F)(F)F)cc1C(F)(F)F,281
CCN1CCN(c2ccc(Nc3nc(NC4CCC(N)CC4)nc4c3ncn4C3CCCC3)cc2)CC1,282
O=CNO,283
C[C@H](CC(=O)N1CCC(O)(Cn2cnc3cc(NC(=O)CCN4CCN(C)CC4)ccc3c2=O)CC1)c1ccccc1,284
CC[C@H](C(=O)N1CCCC[C@H]1C(=O)O[C@H](CCc1ccc(OC)c(OC)c1)c1ccccc1OCC(=O)O)c1cc(OC)c(OC)c(OC)c1,285
CCc1c[nH]nc1Nc1ccnc(Nc2ccc(CC#N)cc2)n1,286
CCC(=O)N[C@@H](CCC(=O)O)C(=O)Nc1cccc(Nc2ncc(NC(=O)c3cc(NC(=O)c4cccc(C(F)(F)F)c4)ccc3C)cn2)c1,287
CC[C@H]1CC2(CCNCC2)CN1c1ccc(C#N)c(Cl)c1,288
CC(C)S(=O)(=O)c1ccccc1Nc1nc(N[C@@H]2CCCNC2)ncc1Cl,289
COc1ccc(N(C(=O)CCl)C(C(=O)NCCc2ccccc2)c2cccs2)cc1Cl,290
CN1CCN(Cc2ccc(NC(=O)c3[nH]ncc3Nc3ncnc4[nH]ccc34)cc2)CC1,291
COc1c(O)cc(O)c2c(=O)cc(-c3ccccc3)oc12,292
O=c1[nH]c(CSC2CCNCC2)nc2cc(NC3CCCC3)cc(F)c12,293
CS(=O)(=O)N1CCC(Nc2ncc(Br)c(Nc3cccc(F)c3C(N)=O)n2)CC1,294
N#Cc1ccc(N2CCC3(CCN(c4ccccc4)CC3)C2)cc1Cl,295
CS(=O)(=O)c1ccc(-c2cccn3nc(Nc4cccc(N5CCNCC5)c4)nc23)cc1,296
COc1ccc(/C=N/NC(=O)CCCCCCC(=O)NO)cc1,297
CN(C)CC[C@@H](c1ccccc1)n1cc(NC(=O)c2n[nH]c3c2CCC(C)(C)C3)cn1,298
N#Cc1cccc(-c2c[nH]c3ncnc(N4CCOCC4)c23)c1,299
O=C(c1ccc(Oc2ccccc2)cc1Cl)c1c[nH]c2ncnc(N[C@H]3CC[C@H](CO)OC3)c12,300
CCc1cnn2c(NCc3ccc[n+]([O-])c3)cc(N3CCCC[C@H]3CCO)nc12,301
COc1c(C)c2c(c(O)c1C/C=C(\C)CCC(=O)OCCN1CCOCC1)C(=O)OC2,302
CC(=O)N1CC[C@H]2CC[C@@H](C(=O)N[C@@H](CCC(N)=O)C(=O)NC(c3ccccc3)c3ccccc3)N2C(=O)[C@@H](NC(=O)c2cc3cc(C(=O)P(=O)(O)O)ccc3[nH]2)C1,303
COC(=O)c1ccc(Nc2ncc3cc(C(=O)N(C)C)n(C4CCCC4)c3n2)cc1,304
CNC(=O)[C@H](CCC(N)=O)NC(=O)[C@@H]1CC[C@@H]2CCN(C(C)=O)C[C@H](NC(=O)c3cc4cc(C(F)(F)P(=O)(O)O)ccc4[nH]3)C(=O)N21,305
C#CCO[C@H]1C(=C)CC[C@H]2[C@@H](/C=C(\C)C(=O)[C@@]3(O)C[C@H](C)[C@H](O)[C@H]13)C2(C)C,306
NC(=O)c1cccc2cn(-c3ccccc3)nc12,307
C=CC(=O)N1C[C@@H](n2nc(-c3ccc(Oc4ccccc4)cc3)c3c(N)ncnc32)C[C@H]1C(=O)O,308
CN1c2ccc(F)cc2C(=O)N2CCc3c([nH]c4ccc(O)cc34)C21,309
C[C@@H]1C[C@H]2[C@@H]3CCC4=CC(=O)C=C[C@]4(C)[C@@]3(F)[C@@H](O)C[C@]2(C)[C@@]1(O)C(=O)CO,310
C[C@@H](OC(C)(C)C)[C@H](NC(=O)OCc1c[nH]nn1)C(=O)N[C@@H](CC1CCCCC1)C(=O)N[C@H](C=O)C[C@@H]1CCNC1=O,311
Cc1c(C#N)c(-c2ccc(C#N)cc2)c(C)n1Cc1ccccc1,312
O=C(Nc1nccs1)C(c1cc(F)ccc1O)N1Cc2ccc(-c3ccc(N4CCNCC4)cc3)cc2C1=O,313
O=C(NCc1cccnc1)Nc1ccc(S(=O)(=O)N2CCNCC2)cc1,314
CC/C(=C(\c1ccccc1)c1ccc(OCCN(C)C)cc1)c1ccccc1,315
Nc1nc2c(c(=O)[nH]1)[n+](Cc1ccccc1)cn2[C@H]1O[C@@H](COP(=O)(O)OP(=O)(O)O)[C@H](O)[C@@H]1O,316
C#CCN(C)CCN(C)c1cc(OC)c(Nc2nccc(-c3cn(C)c4ccccc34)n2)cc1NC(=O)C=C,317
CC[C@H](C)n1cc(C)c2c(C(=O)NCc3c(C)cc(C)[nH]c3=O)cc(-c3ccc(N4CCNCC4)nc3)cc21,318
Cc1ccc(NC(=O)c2cccc(C(C)(C)C#N)c2)cc1Nc1ccc2ncn(C)c(=O)c2c1,319
Cc1ccc(NC(=O)NCc2ccc3c(c2)CN(C2CCC(=O)NC2=O)C3=O)cc1Cl,320
COc1cc2nccc(Nc3ccc4scnc4c3)c2cc1S(=O)(=O)C(C)(C)C,321
C=CC(=O)Nc1cc(-c2nn(C3CCC(N4CCN(C(C)=O)CC4)CC3)c3ncnc(N)c23)ccc1Oc1ccccc1,322
CCc1nc(C(N)=O)c(Nc2ccc(N3CCC(N4CCN(C)CC4)CC3)c(OC)c2)nc1NC1CCOCC1,323
COC(C)(C)CCC[C@@](C)(O)C1CC[C@]2(C)C1[C@H](O)CC1[C@@]3(C)CC[C@H](O)C(C)(C)C3CC[C@]12C,324
O=C(/C=C/c1cccnc1)NCCCCC1CCN(C(=O)c2ccccc2)CC1,325
Nc1nc2c(c(=O)[nH]1)[n+](Cc1ccccc1)cn2[C@H]1O[C@@H](COS(=O)(=O)O)[C@H](O)[C@@H]1O,326
CN(c1ncccc1CNc1ncc(C(F)(F)F)c(Nc2ccc3c(c2)CC(=O)N3)n1)S(C)(=O)=O,327
COc1ccc2nc(-c3ccc(N(C)C)cc3)sc2c1,328
C=CC(=O)N[C@@H](CCC(=O)O)C(=O)Nc1cccc(Nc2ncc(NC(=O)c3cc(NC(=O)c4cccc(C(F)(F)F)c4)ccc3C)cn2)c1,329
COc1cc2nc(N3CCN(C(=O)c4ccco4)CC3)nc(N)c2cc1OC,330
CNC(=O)c1ccccc1Nc1nc(Nc2ccc(N3CCNCC3)cc2)ncc1Cl,331
CNC(=O)c1cc(Oc2ccc(NC(=O)Nc3cc(C(C)(C)C)nn3-c3ccc4ncccc4c3)c(F)c2)ccn1,332
COc1cc(/C=C2\SC(=O)NC2=O)ccc1Oc1ccc(C#N)cc1C(F)(F)F,333
Oc1c(CCc2ccccc2)c(-c2ccccc2)nn1-c1nc2cc(Cl)ccc2[nH]1,334
CN(c1ncccc1CNc1nc(Nc2ccc3c(c2)CC(=O)N3)ncc1C(F)(F)F)S(C)(=O)=O,335
COc1cc2ncnc(Nc3ccc(F)c(Cl)c3)c2cc1OCCCN1CCOCC1,336
COc1cc(-c2cn(C)c(=O)c3cnccc23)cc(OC)c1CN(C)C,337
Nc1nnc(-c2ccccc2O)cc1N1CC(Oc2ccccc2)C1,338
C=CC(=O)N1CC[C@H](n2c(Nc3ccccc3)nc3cnc(Nc4ccc(N5CCN(C)CC5)cc4)nc32)C1,339
NC(=O)c1nn(-c2ccccc2)cc1NC(=O)c1coc(-c2ccnc(NCC3CC3)c2)n1,340
N#Cc1ccc(OC2CCN(C(=O)c3ccccc3)CC2)cc1Cl,341
COc1cc(C(CC(=O)O)c2ccc(C)c(CN3C[C@@H](C)Oc4ccccc4S3(=O)=O)c2)cc2nnn(C)c12,342
CCC(C)(C)C(=O)C(=O)N1CCCC[C@H]1C(=O)OC(CCc1ccc(OC)c(OC)c1)c1cccc(N)c1,343
CC[N]CCOc1ccc(/C(=C(/CC)c2ccccc2)c2ccccc2)cc1,344
CC(C)c1c(C(=O)Nc2ccccc2)c(-c2ccccc2)c(-c2ccc(F)cc2)n1CC[C@@H](O)C[C@@H](O)CC(=O)O,345
O=C(O)C1(Cc2cccc(Nc3nccs3)n2)CCC(Oc2cccc(Cl)c2F)CC1,346
NC(=O)c1c(F)cccc1Nc1nc(Nc2ccc(S(N)(=O)=O)cc2)ncc1Br,347
Cc1cccc(C(=O)NO)c1,348
C=CC(=O)Nc1cccc(Nc2nc(Nc3ccc(OCCOC)cc3)ncc2F)c1,349
CCn1nc(C2CC2)cc1Nc1ncnc2[nH]c3cc(-c4c(C)noc4C)c(OC)cc3c12,350
C[C@@H]1OCC2(CCN(c3cnc(Sc4ccnc(N)c4Cl)c(N)n3)CC2)[C@@H]1N,351
CCCCn1cc(-c2ccc(O)c(OC)c2)c2ccncc2c1=O,352
CNS(=O)(=O)Nc1cccc(Cc2c(C)c3ccc(Oc4ncccn4)cc3oc2=O)c1F,353
Cc1cc(Nc2ncc(Cl)c(Nc3ccccc3S(=O)(=O)C(C)C)n2)c(OC(C)C)cc1C1CCNCC1,354
Cc1ccc(Nc2ncc3c(n2)N(C)C(=O)N(c2cc(NC(=O)c4cccc(C(F)(F)F)c4)ccc2C)C3)cn1,355
CN(C)C/C=C/C(=O)Nc1ccc(C(=O)Nc2cccc(Nc3cc(-c4c[nH]c5ccccc45)ncn3)c2)cc1,356
Cc1c(COc2cc(OCc3cccc(C#N)c3)c(CN3CCCCC3C(=O)O)cc2Cl)cccc1-c1ccc2c(c1)OCCO2,357
O=c1ccc2cnc(Nc3ccccc3)nc2n1C1CC2CCC1C2,358
COc1cc(OCc2cccc(-c3ccccc3)c2C)cc(OC)c1CNCCNC(C)=O,359
C[C@H](NC(=O)c1ccc2c(-c3ccccc3)cccc2c1)c1ccccn1,360
O=C(NO)C(c1ccc(-c2ncc(C(F)(F)F)cn2)cc1)c1ccccc1F,361
Cc1ncc([N+](=O)[O-])n1CCOC(=O)NC(Nc1ncccn1)C(Cl)(Cl)Cl,362
Cc1nn(-c2ccc(C#N)cc2Cl)c(C)c1Cc1ccc(F)cc1,363
CCCn1c(=O)c(-c2ccc(C(=O)NCc3cccnc3)cc2)nc2ccccc21,364
CNC(=O)c1ccc(C)c(-n2c(C)cc(OCc3ccc(F)cc3F)c(Br)c2=O)c1,365
CNc1ccc([N+](=O)[O-])c(Nc2ccc3[nH]ncc3c2)n1,366
CCN(c1cc(-c2ccc(CN3CCOCC3)cc2)cc(C(=O)NCc2c(C)cc(C)[nH]c2=O)c1C)C1CCOCC1,367
COc1cc(N2CCC(N3CCNCC3)CC2)ccc1Nc1ncc(Cl)c(Nc2ccccc2P(C)(C)=O)n1,368
Cc1cc(-c2cncnc2N2CCC(c3[nH]cnc3C)CC2)ccc1F,369
Cc1sc2c(c1C)C(c1ccc(Cl)cc1)=N[C@@H](CC(N)=O)c1nnc(C)n1-2,370
COc1cc(-c2cn(C)c(=O)c(C)c2C)cc(OC)c1C,371
CNC(=O)c1ccc(NC(=O)[C@@H]2NC3(CCCCC3)[C@@]3(C(=O)Nc4cc(Cl)ccc43)[C@H]2c2cccc(Cl)c2F)cc1,372
Cc1nnc2n1-c1ccc(-c3cn[nH]c3)cc1C(c1ccc(Cl)cc1)=NC21CC1,373
Cn1cc(-c2cc(Oc3cc(F)c(NC(=O)C4(C(=O)Nc5ccccc5)CC4)cc3F)ccn2)cn1,374
CN1C(=O)/C(=N\c2ccc(C(=O)NN)cc2)c2ccccc21,375
Cc1ccc(S(=O)(=O)N[C@@H](Cc2c[nH]c3ccccc23)C(=O)Nc2ccc(N3CCOCC3)cc2)cc1,376
CC(C)(C)c1cnc(CSc2cnc(NC(=O)C3CCNCC3)s2)o1,377
C=CC(=O)N1CCN(c2nc(=O)n(-c3c(C)ccnc3C(C)C)c3nc(-c4c(O)cccc4F)c(F)cc23)[C@H](C)C1,378
C=CC(=O)N1CCN(C(=O)c2cc(-c3cc(Cl)ccc3Cl)c(Cl)cc2OC)CC1,379
O=C(Nc1ccc(OC(F)(F)F)cc1)NC1CCC(Oc2ccc(C(=O)O)cc2)CC1,380
COC(=O)CCCCC(=O)NCCN1C(=O)c2cccc3c(Sc4ccc(Br)cc4)ccc(c23)C1=O,381
CN1CCN([C@@H]2CCCN(c3cnc(C(N)=O)c(Nc4ccc(C5CCNCC5)cc4)n3)C2)C1=O,382
O=C(O)/C(Cc1ccccc1[N+](=O)[O-])=N/Nc1nc(-c2ccc(Cl)c(Cl)c2)cs1,383
COc1cc2c(Nc3ccccc3)ncnc2cc1OCC1CCN(C(C)=O)CC1,384
COc1cccc(Cc2cnc(NC(=O)CSc3nc(C)cc(C)n3)s2)c1,385
CN(C)C/C=C/C(=O)Nc1ccc(C(=O)N2CCC[C@@H](Nc3ncc(Cl)c(-c4c[nH]c5ccccc45)n3)C2)cc1,386
CC(=O)N1CC[C@H]2CC[C@@H](C(=O)N[C@@H](CCC(N)=O)C(=O)NC(c3ccccc3)c3ccccc3)N2C(=O)[C@@H](NC(=O)/C=C(\C)c2ccc(C(F)(F)P(=O)(O)O)cc2)C1,387
CNc1ccc(-c2nc3ccccc3s2)cc1,388
CC(=O)Nc1cccc(Sc2ncc(N3CCC(C)(N)CC3)nc2N)c1Cl,389
CC(=O)c1c(C)c2cnc(Nc3ccc(N4CCNCC4)cn3)nc2n(C2CCCC2)c1=O,390
CC(C)(C)c1ccc(S(=O)(=O)Nc2ccc(Cl)cc2C(=O)c2cc[n+]([O-])cc2)cc1,391
Cc1ccc(Cc2c(C)nn(-c3ccc(C#N)c(Cl)c3)c2C)cc1,392
CC(=O)N1CC[C@H]2CC[C@@H](C(=O)N[C@@H](CCC(N)=O)C(=O)NC(c3ccccc3)c3ccccc3)N2C(=O)[C@@H](NC(=O)c2cc3cc(OP(=O)(O)O)ccc3[nH]2)C1,393
COc1ccc(Nc2nccc(Nc3cnc4ccccc4c3)n2)cc1,394
COc1cc2ncnc(Nc3ccc(F)c(Cl)c3)c2cc1OCCCN1CCNCC1,395
N[C@H]1CC[C@@H](Nc2ncnc3[nH]cc(C(=O)c4ccc(Oc5ccccc5)cc4Cl)c23)CC1,396
CCOc1ccc2c(-c3ccc(C(=O)O)c(C4CCCC4)c3)ncnc2c1,397
O=S(=O)(F)c1ccc(Cn2ccnn2)cc1,398
CC1(N)CCN(c2cnc(Sc3cccc(N)c3Cl)c(N)n2)CC1,399
CNC(=O)c1ccccc1Nc1cc(Nc2ccc(N3CCOCC3)cc2OC)ncc1C(F)(F)F,400
COCCn1cc(COc2cccc(Cc3cnc(NC(=O)CSc4nc(C)cc(C)n4)s3)c2)nn1,401
CNC(=O)c1ncc2c(n1)[nH]c1cc(-c3c(C)noc3C)c(OC)cc12,402
O=C(O)c1ccc2c(c1)nc(Nc1cccc(Cl)c1)c1ccncc12,403
Cn1ncc(Nc2ccc3c(c2)CCNC3)c(Cl)c1=O,404
O=Cc1ccc(-n2cc(NC(=O)c3coc(-c4ccnc(NCC5CC5)c4)n3)c(C(F)(F)F)n2)cc1,405
CC1(CN)CCN(c2cnc(Sc3cccc(Cl)c3Cl)c(N)n2)CC1,406
Cc1ncc(-c2ccnc(Nc3ccc(S(C)(=O)=O)cc3)n2)n1C(C)C,407
Cc1ccc(F)c(NC(=O)Nc2ccc(-c3cccc4c3c(N)nn4C(=O)CCCNC(=O)C3CC4C=CC3C4)cc2)c1,408
Nc1nc2c(c(=O)[nH]1)[n+](Cc1ccc(Cl)cc1)cn2[C@@H]1O[C@H](COP(=O)(O)OP(=O)(O)O)[C@@H](O)[C@H]1O,409
COc1cc2c(C)c(CC(=O)N3CCOCC3)c(=O)oc2c(C=O)c1O,410
O=C(c1c(F)ccc(NS(=O)(=O)N2CC[C@@H](F)C2)c1F)c1c[nH]c2ncc(-c3cnc(N4CCNCC4)nc3)cc12,411
O=C(NC(=O)c1ccccc1F)NC1c2ccccc2-c2ccccc21,412
COC[C@@H](C)N[C@H]1CC[C@H](Nc2cc(-c3cccc(NCC4(C#N)CCOCC4)n3)c(Cl)cn2)CC1,413
N#Cc1ccc(O[C@H]2CC[C@H](NC(=O)c3ccccc3)C2)cc1Cl,414
CC(=O)Nc1cncc(Nc2ncc(Cl)c(-c3cccc(-c4ccccc4)c3)n2)c1,415
C[C@]12CC[C@@H]3c4ccc(O)cc4CC[C@H]3[C@@H]1CCC2=O,416
FC(F)c1nc2ccccc2n1-c1nc(N2CCOCC2)nc(N2CCOCC2)n1,417
CN(CCCNc1nc(Nc2ccccc2)ncc1Br)C(=O)C1CCC1,418
CNCCN1CCC(c2cc(CN(C)C(=O)c3cccc(Oc4ccccc4)c3)ccn2)CC1,419
O=C(Nc1nccs1)C(c1ccccc1)N1Cc2ccc(-c3ccc(N4CCNCC4)cc3)cc2C1=O,420
C[C@H](NC(=O)c1ccc2c(-c3ccc(C(F)(F)F)cc3)cccc2c1)c1ccccn1,421
Nc1nnc(-c2ccccc2O)cc1N1CCNCC1,422
N#CCc1ccc(Nc2nccc(Nc3cc(C4CC4)[nH]n3)n2)cc1,423
CC1=C(/C=C/C(C)=C/C=C/C(C)=C/C(=O)O)C(C)(C)CCC1,424
CN1CCC(CNc2ccc3ncc(-c4cccc(OC(F)(F)F)c4)n3n2)CC1,425
O=C(O)c1ccc(-n2cc(NC(=O)c3coc(-c4ccnc(NCC5CC5)c4)n3)c(C(F)F)n2)cc1,426
COc1cc2nc(C)nc(N[C@H](C)c3cc(N)cc(C(F)(F)F)c3)c2cc1C1CCN(C(C)=O)CC1,427
Cc1cc(NS(=O)(=O)c2ccccc2)c(Nc2ccc(I)cc2F)n(C)c1=O,428
CNC(=O)N1CCc2c(c(N3CCCc4cc(-c5cnn(C)c5)c(C(F)F)cc43)nn2C2CCOCC2)C1,429
CC(C)[C@@H](CS(=O)(=O)C(C)C)N1C(=O)[C@@](C)(CC(=O)O)C[C@H](c2cccc(Cl)c2)[C@H]1c1ccc(Cl)cc1,430
Cc1cc(CN)cc(C)c1-c1ncn(C)c1-c1ccnc2cc(F)ccc12,431
CCC[C@H](NC(=O)[C@@H]1[C@H]2CCC[C@H]2CN1C(=O)[C@@H](NC(=O)[C@@H](NC(=O)c1cnccn1)C1CCCCC1)C(C)(C)C)C(=O)C(=O)NC1CC1,432
COc1cc(CCc2cc(NC(=O)c3ccc(N4C[C@@H](C)N[C@@H](C)C4)cc3)n[nH]2)cc(OC)c1,433
CNc1ccc(-c2nc3ccc(C)cc3s2)cc1,434
N#Cc1ccc(O[C@H]2CCC[C@@H](NC(=O)c3ccccc3)CCC2)cc1Cl,435
Cc1ccc(C(=O)N[C@H]2C(C)(C)[C@H](Oc3ccc(C#N)c(Cl)c3)C2(C)C)cc1,436
C[C@H](NC(=O)c1cnc2c(-c3ccc(C(F)(F)F)cc3)cccc2c1)c1ccccn1,437
COc1cc(N2CCN(C)CC2)ccc1Nc1ncc2c(n1)N(C)c1ccccc1C(=O)N2,438
Cc1c(COc2ccc(CN3CCCC[C@@H]3C(=O)O)cc2Br)cccc1-c1ccccc1,439
CC/C(=C(\c1ccc(O)cc1)c1ccc(OCCN(C)C)cc1)c1ccccc1,440
CCCNc1nc(Nc2ccc(C#N)cc2)ncc1C#CCCCNC(=O)[C@H](C)N(C)C(=O)/C=C/CN(C)C,441
Cn1ncc(Cl)c1-c1cc(C(=O)N[C@H](CN)Cc2cccc(F)c2)sc1Cl,442
Oc1ccc2c(c1)CC[C@H](c1ccccc1)[C@@H]2c1ccc(OCCN2CCCC2)cc1,443
CC(C)Nc1cc(-n2ccc3cc(C#N)cnc32)ncc1C(=O)N[C@H]1CC[C@H](C(=O)NC2CC2)CC1,444
Nc1ncccc1-c1nc2ccc(-c3ccccc3)nc2n1-c1ccc(C2(N)CCC2)cc1,445
CC(C)(C)c1ccc(C(=O)NCCN2C(=O)c3cccc4c(Sc5ccc(Br)cc5)ccc(c34)C2=O)cc1,446
O=c1nc2n(C3CCCC3)c3cc(C4CCNCC4)ccc3n2c2cccc(Br)c12,447
O=C(NC1CCNCC1)c1[nH]ncc1NC(=O)c1c(Cl)cccc1Cl,448
Cc1nc2cc(NC(=O)OCC3c4ccccc4-c4ccccc43)ccc2n1Cc1ccc(C(=O)O)cc1F,449
COc1cc2nn(C3CCNCC3)cc2cc1NC(=O)c1cccc(C(F)(F)F)n1,450
COc1cc(-c2cn(C)c(=O)c3cnccc23)c(OC)cc1CN(C)C,451
O=C(NOC[C@H](O)CO)c1ccc(F)c(F)c1Nc1ccc(I)cc1F,452
CCn1nc(C2CC2)cc1Nc1nc(C(=O)NC)nc2[nH]c3cc(-c4c(C)noc4C)c(OC)cc3c12,453
Cc1[nH]c(/C=C2\C(=O)Nc3ccc(S(=O)(=O)Cc4c(Cl)cccc4Cl)cc32)c(C)c1C(=O)N1CCC[C@@H]1CN1CCCC1,454
Cc1cc(Cn2c(N3CC4(CNC4)C3)nc3c(N4CCN(C)CC4)cc(Cl)cc32)cc(C)c1F,455
C=CC(=O)N1CCC[C@@H](n2nc(-c3ccc(Oc4ccccc4)cc3)c3c(N)ncnc32)C1,456
Nc1ccccc1NC=O,457
CNC(=O)C[C@@H]1C[C@@H](c2cccc(F)c2)[C@H](NC(=O)c2ccc(-c3c(Cl)cnn3C)s2)CN1,458
O=C(O)/C(Cc1ccccc1[N+](=O)[O-])=N\Nc1nc(-c2ccc(-c3ccccc3)cc2)cs1,459
O=C(/C=C/c1ccccc1)c1oc(=O)c2ccccc2c1O,460
O=C(Nc1nc2ccccc2s1)c1cccc2c1CN(c1nc(C(=O)O)c(CCCOc3ccc(C#CCN4CCNCC4)cc3F)s1)CC2,461
Cc1cc(Nc2ncc(Br)c(Nc3cccc(F)c3C(N)=O)n2)ccc1S(N)(=O)=O,462
CCN(C)S(=O)(=O)Nc1ccc(F)c(C(=O)c2c[nH]c3ncc(-c4cnc(C5CC5)nc4)cc23)c1F,463
CC(=O)N1CCC[C@@H](n2nc(-c3ccc(Oc4ccc(F)cc4F)cc3)c(C(N)=O)c2N)C1,464
Cc1cccc(/C=N/Nc2cc(N3CCOCC3)nc(OCCc3ccccn3)n2)c1,465
CN1CCN(C(=O)c2ccc(N3CCC4(CC3)CCN(c3ccc(C#N)c(Cl)c3)C4)cc2)CC1,466
Nc1ncnc2[nH]nc(-c3ccccc3)c12,467
CCOC(=O)C1=C[C@@H](OC(CC)CC)[C@H](NC(C)=O)[C@@H](N)C1,468
COc1ccc(OC)c2c1c(OC)cc1c(=O)cc(-c3ccccc3)oc12,469
CN1CCN(c2ccc3c(C4CCN(C(=O)c5ccc(OC(F)(F)F)cc5N)CC4)ncnc3c2)CC1,470
COc1cc(N2CCC(N3CCN(C)CC3)CC2)ccc1Nc1ncc(Cl)c(Nc2ccccc2S(=O)(=O)C(C)C)n1,471
NNC(=O)CSc1nc2ccccc2o1,472
COc1cc(OC)c(/C=C/S(=O)(=O)Cc2ccc(OC)c(NCC(=O)O)c2)c(OC)c1,473
Nc1nc2c(c(=O)[nH]1)[n+](Cc1ccc(F)cc1)cn2[C@H]1O[C@@H](CO[PH](=O)O)[C@H](O)[C@@H]1O,474
C=CC(=O)Nc1cc2c(Nc3ccc(F)c(Cl)c3)ncnc2cc1OCCCN1CCOCC1,475
Nc1nc2c(c(=O)[nH]1)[n+](Cc1ccccc1)cn2[C@@H]1O[C@H](COP(=O)(O)OP(=O)(O)O)[C@@H](O)[C@H]1O,476
CN(Cc1cnc2nc(N)nc(N)c2n1)c1ccc(C(=O)N[C@@H](CCC(=O)O)C(=O)O)cc1,477
CC(=O)N1CC[C@H]2CC[C@@H](C(=O)N[C@@H](CCC(N)=O)C(=O)NC(c3ccccc3)c3ccccc3)N2C(=O)[C@@H](NC(=O)c2cc3cc(CP(=O)(O)O)ccc3[nH]2)C1,478
CC(C)c1cnn2c(NCc3ccccc3-n3ccnc3)nc(OC3CCN(C)CC3)nc12,479
CCOC(=O)c1csc(Nc2ccc(Cl)cc2)n1,480
CN(CCCNc1nc(Nc2ccccc2)ncc1Cl)C(=O)C1CCC1,481
COc1cc2ncnc(Nc3ccc(F)c(Cl)c3)c2cc1NC(=O)/C=C/CN1CCCCC1,482
CC(=O)N1CCCN(c2nc(NCCc3cccs3)nc(N(C)CC(=O)O)n2)CC1,483
O=C(Nc1ccc(OC(F)(F)Cl)cc1)c1cnc(N2CC[C@@H](O)C2)c(-c2ccn[nH]2)c1,484
Nc1cc2c(Nc3ccc(F)c(Cl)c3)ncnc2cc1O[C@H]1CCOC1,485
CN(C)[C@H]1CC[C@@]2(C)C(=CC[C@@H]3C2CC[C@]2(C)[C@@H](c4ccc5ccncc5c4)CC[C@@H]32)C1,486
NCc1ccc(-n2c(-c3cccnc3N)nc3ccc(-c4ccccc4)nc32)cc1,487
CC1(C)CC[C@]2(C(=O)O)CC[C@]3(C)[C@H](C(=O)C=C4[C@@]5(C)C=C(C#N)C(=O)C(C)(C)[C@@H]5CC[C@]43C)[C@@H]2C1,488
CC(C)c1cnn2c(NCc3ccccc3)nc(OC3CCN(C)CC3)nc12,489
CCOc1ccc2c(c1)sc1nc(-c3ccc(NC(=O)Nc4cc(C(C)(C)C)on4)cc3)cn12,490
O=C(NC(=O)c1c(O)cccc1O)NC1CCCCC1,491
NS(=O)(=O)NCCNc1nonc1/C(=N/O)Nc1ccc(F)c(Br)c1,492
CCN(CC)CCNC(=O)c1c(C)[nH]c(/C=C2\C(=O)Nc3ccc(F)cc32)c1C,493
CC1(C)[C@H](NC(=O)c2ccc(O)cc2)C(C)(C)[C@H]1Oc1ccc(C#N)c(C(F)(F)F)c1,494
Cc1ccc(S(=O)(=O)OCC(=O)Nc2ccc(C(=O)O)c(O)c2)cc1,495
CC[C@@H]1C(=O)N(C)c2cnc(Nc3ccc(C(=O)NC4CCN(C)CC4)cc3OC)nc2N1C1CCCC1,496
COc1cc(C(=O)NC2CCN(C)CC2)ccc1Nc1ncc(C(F)(F)F)c(Oc2cccc3c2C(=O)CC3)n1,497
CC1(C)[C@H](NC(=O)c2ccccc2)C(C)(C)[C@H]1Oc1ccc(C#N)c(Cl)c1,498
Fc1cnc(Nc2ccc(N3CCNCC3)cc2)nc1Nc1cc(C2CC2)[nH]n1,499
CN1CCC[C@H]1COc1nc2c(c(N3CCN(C(=O)/C(C#N)=C\C4CC4)[C@@H](CC#N)C3)n1)CCN(c1cccc3cccc(Cl)c13)C2,500
C=C(F)C(=O)N1CCN(c2nc(OC[C@@H]3CCCN3C)nc3c2CCN(c2cccc4cccc(Cl)c24)C3)C[C@@H]1CC#N,501
Cn1cc(Nc2ncc(Cl)c(NCc3cc(F)ccc3F)n2)cn1,502
Oc1ccc(Nc2nccc(Nc3cc4ccccc4cn3)n2)cc1,503
CC1(N)CCN(c2cnc(-c3cccc(Cl)c3Cl)c(N)n2)CC1,504
CCC(=O)N1CCN(c2ncnc3c(F)c(-c4cc(O)cc5ccccc45)c(Cl)cc23)CC1,505
CCc1cc2c(cc1N1CCC(N3CCOCC3)CC1)C(C)(C)c1[nH]c3cc(C#N)ccc3c1C2=O,506
Cc1[nH]nc(Nc2ncnc3cc(O)c(S(=O)(=O)C(C)(C)C)cc23)c1C,507
CC(=O)Nc1ccc(C(=O)Nc2ccc(F)cc2N)cc1,508
Cc1nn(-c2ccc(C#N)c(C(F)(F)F)c2)c(C)c1Cc1ccc(F)cc1,509
CC(C)c1cccc(NC(=O)Nc2cccc(-c3cccc4[nH]nc(N)c34)c2)c1,510
Nc1cc(F)ccc1NC(=O)c1ccc(CNC(=O)/C=C/c2cccnc2)cc1,511
CCC(=O)N[C@H]1CC[C@@H](n2c(=O)cc(C)c3cnc(Nc4ccc(N5CCN(C)CC5)cc4OC)nc32)CC1,512
CN1CCN(c2ccc(Nc3cc(-c4cccc(-n5ccc6cc(C7CC7)cc(F)c6c5=O)c4CO)cn(C)c3=O)nc2)CC1,513
CCn1nc(C)cc1C(=O)Nc1nc2cc(C(N)=O)cc(OC)c2n1C/C=C/Cn1c(NC(=O)c2cc(C)nn2CC)nc2cc(C(N)=O)cc(OCCCN3CCOCC3)c21,514
C=CC(=O)Nc1ccc(CN2C(=O)N(c3cc(OC)cc(OC)c3)Cc3cnc(Nc4ccc(N5CCN(C)CC5)cc4)nc32)cc1,515
Cn1cccc1C(=O)N1CCN(C(=O)Nc2ccc(N3CCC(C(=O)N4CCOCC4)CC3)cc2)CC1,516
CCN1CCN(Cc2ccc(NC(=O)c3cccc(-c4ccc5nc(NC(=O)C6CC6)sc5n4)c3)cc2C(F)(F)F)CC1,517
Cc1cccc(C)c1Nc1nn(C)c2nc(Nc3ccc4c(c3)CNCC4)ncc12,518
CC[C@H](C)C(=O)O[C@H]1C[C@@H](C)C=C2C=C[C@H](C)[C@H](CC[C@@H]3C[C@@H](O)CC(=O)O3)[C@H]21,519
O=C(O)Cc1cccc(OCCCN(Cc2cccc(C(F)(F)F)c2Cl)CC(c2ccccc2)c2ccccc2)c1,520
COc1cc(C(=O)N2CCNCC2)ccc1Nc1ncc2c(n1)N(C)c1ccccc1C(=O)N2C,521
CCN(CC)Cc1ccc(-c2cc3c(-c4cc(F)cc(NC(=O)c5ccc(C(C)(C)O)cc5)c4C)ncnc3[nH]2)cc1,522
OC1CCN(c2cc(-c3cccc(-c4cnc5ccc(N6CCC[C@@H]6c6cccc(F)c6)nn45)n3)ccn2)CC1,523
Cc1cnc(Nc2ccc(N3CCN(C)CC3)cc2)nc1Nc1cccc(S(=O)(=O)NC(C)(C)C)c1,524
Cc1ccc(N2C(=S)N(c3cnc(C#N)c(C(F)(F)F)c3)C(=O)C23CCC3)cc1,525
NC(=O)c1cccc2cn(-c3ccc([C@@H]4CCCNC4)cc3)nc12,526
NNC(=O)CSc1nc2ccccc2s1,527
C=CC(=O)N1CCC[C@H](n2c(Nc3ccccc3)nc3cnc(Nc4ccc(N5CCN(C)CC5)cc4)nc32)C1,528
COc1cc(N2CCNCC2)ccc1Nc1ncc(Cl)c(Nc2ccccc2P(C)(C)=O)n1,529
CCOc1cc2nc(CCC(C)(C)C(=O)OC)n(C)c2cc1NC(=O)c1cccc(C(F)(F)F)n1,530
CCOc1cc(C(C)(C)C)ccc1C1=N[C@@H](c2ccc(Cl)cc2)[C@@H](c2ccc(Cl)cc2)N1C(=O)N1CCNCC1,531
COc1cc(N2CCOCC2)ccc1NC(=O)c1cccc(-c2ccn[nH]2)n1,532
C[C@@H]1Cc2c(ccc3[nH]ncc23)[C@@H](c2ccc(NC3CN(CCCF)C3)cn2)N1CC(F)(F)F,533
CCCCN(Cc1ccc(C(=O)NO)cc1)C(=O)Nc1ccccc1,534
C[C@]1(c2nc3c(C(N)=O)cccc3[nH]2)CCCN1,535
CN(C)CC#Cc1ccc(OCCCc2sc(N3CCc4cccc(C(=O)Nc5nc6ccccc6s5)c4C3)nc2C(=O)O)c(F)c1,536
C=CC(=O)N1CCN(c2nc(=O)n(-c3ccc(C(=O)O)cc3C(C)C)c3cc(-c4ccccc4Cl)c(Cl)cc23)[C@@H](C)C1,537
CNC(=O)c1ccc(N2C(=S)N(c3ccc(C#N)c(C(F)(F)F)c3)C(=O)C2(C)C)cc1F,538
CCc1ccc(C(=O)NCCCC[C@H](NC(=O)[C@H](Cc2ccc(C(F)(F)P(=O)(O)O)cc2)NC(=O)[C@H](Cc2ccccc2)NC(=O)CO[C@H]2C[C@@H](C)CC[C@@H]2C(C)C)C(N)=O)cc1,539
Nc1nc2c(ncn2[C@@H]2O[C@H](COP(=O)(O)O)[C@@H](O)[C@H]2O)c(=O)[nH]1,540
COCCNC(=O)c1ccc(-c2nc(CNc3nccc(NCC(C)C)n3)cs2)cc1,541
CCn1nc(C2CC2)cc1Nc1nc(COC)nc2[nH]c3cc(-c4c(C)noc4C)c(OC)cc3c12,542
CCN(c1ccc(C#N)c(Cl)c1)[C@H]1CC[C@H](NC(=O)c2ccccc2)CC1,543
Cc1cccc(CN2C(=O)c3cc(-c4nc(Nc5ccnn5C)ncc4C)cn3C[C@H]2C)n1,544
CC(C)CCC(=O)N1CCN2c3ncc(Cl)c(n3)Nc3cc4c(c(c3)OCCOC[C@H]2C1)N(C)C(=O)CC4,545
CNC(=O)c1ccc(Nc2ncc(C(F)(F)F)c(NCc3nccnc3N(C)S(C)(=O)=O)n2)cc1,546
CNC(=O)c1ccccc1Nc1cc(Nc2cc(C)c(C3CCNCC3)cc2OC(C)C)ncc1C(F)(F)F,547
CC(C)(C)n1nc(-c2ccc(Cl)cc2)c2c(N)ncnc21,548
Nc1nc(Nc2ccc3c(c2)CC[C@@H](N2CCCC2)CC3)nn1-c1cc2c(nn1)-c1ccccc1CCC2,549
CNc1cc(CS(=O)(=O)/C=C/c2c(OC)cc(OC)cc2OC)ccc1OC,550
CC[N]CCOc1ccc(Cn2c(-c3ccc(O)cc3)c(C)c3cc(O)ccc32)cc1,551
Cc1cc(-c2ccc(C(=O)O)cc2N2CCC(c3[nH]cnc3C)CC2)ccc1F,552
COc1ccc(-c2ocnc2C(=O)NCCCn2cncn2)cc1Cl,553
C[C@]12CCC(=O)C[C@@H]1CC[C@@H]1[C@@H]2CC[C@]2(C)[C@@H](O)CC[C@@H]12,554
CC[C@H](C(=O)N1CCCC[C@H]1C(=O)O[C@H](CCc1ccc(OC)c(OC)c1)c1cccc(OCC(=O)O)c1)c1cc(OC)c(OC)c(OC)c1,555
COC(=O)N[C@@H](C)CNc1nccc(-c2cn(C(C)C)nc2-c2cc(Cl)cc(NS(C)(=O)=O)c2F)n1,556
C[C@@H]1Cc2c([nH]c3ccccc23)[C@@H](c2c(F)cc(NC3CN(CCCF)C3)cc2F)N1CC(F)(F)CO,557
O=C(Cc1ccc(Cl)c(Cl)c1)NCc1cccc(-c2cn3c(n2)CCC3)c1,558
CC[C@@H]1C(=O)N(C)c2cnc(Nc3ccccc3OC)nc2N1C1CCCC1,559
COc1cc2c(Oc3ccc(NC(=O)C4(C(=O)Nc5ccc(F)cc5)CC4)cc3F)ccnc2cc1O,560
CC(C)c1cnn2c(NCc3ccccc3)cc(NCCCCCCN)nc12,561
Nc1ncnc2c1c(-c1ccc(Oc3ccccc3)cc1)nn2[C@@H]1CCCNC1,562
Cn1cc(-c2ccc(-c3cncc(Cl)c3N3CCC4(CCNC4=O)CC3)cc2)cn1,563
COc1ccc(/C=C\c2cc(OC)c(OC)c(OC)c2)cc1O,564
CC(C)NC(=O)N1CC[C@H](NC2=Nc3cc(F)ccc3N(CC(F)F)c3ccc(Cl)cc32)C1,565
O=C(NCCO)c1cccc(-c2cc(Nc3ccc(OC(F)(F)F)cc3)ncn2)c1,566
Cc1nn(-c2ccc(C#N)c(Cl)c2)c(C)c1Cc1ccc(F)cc1,567
CCCCNc1ncc2c(-c3ccc(C)cc3)cn([C@H]3CC[C@H](O)CC3)c2n1,568
CCCCCCCC/C=C\CCCCCCCC(=O)O,569
COc1cc(N2CCC(N3CCN(C)CC3)CC2)ccc1Nc1ncc(Cl)c(Nc2ccccc2P(C)(C)=O)n1,570
CCc1ccc2c(c1)c(=O)c(C(=O)Nc1ccc(Oc3ncnc4cc(OC)c(OC)cc34)c(F)c1)c(C)n2C,571
Cc1ccsc1C(=O)n1nc(Nc2ccc(S(N)(=O)=O)cc2)nc1N,572
Cc1ccc(F)c(S(=O)(=O)Nc2ccc(-c3nc(OC[C@H]4CNCCO4)c4cn[nH]c4n3)cc2)c1,573
C[C@@H]1C[C@H](N)C[C@H](c2ccncc2NC(=O)c2ccc(F)c(-c3c(F)cccc3F)n2)C1,574
COc1ccc(Cl)c(S(=O)(=O)Nc2ccc(-c3nc(OC[C@H]4CNCCO4)c4c(C)n[nH]c4n3)cc2)c1,575
COc1cc2c(OC[C@@H]3CCC(=O)N3)ncc(Br)c2cc1C(N)=O,576
O=C(CCCCCCC(=O)Nc1ccccc1)NO,577
O=C(Nc1nc2ccc(CO)cc2n1[C@H]1CC[C@@H](CO)CC1)c1cccc(C(F)(F)F)c1,578
COc1cc(N2CCNCC2)ccc1Nc1ncc2c(n1)N(C)c1ccccc1C(=O)N2C,579
CCCN(CCC)C[C@@H](C)NC(=O)c1ccc(-c2noc(C(F)(F)F)n2)cc1,580
CN[C@@H](C)C(=O)N[C@H](C(=O)N1Cc2cc(O)ccc2C[C@H]1C(=O)N[C@@H]1CCCc2ccccc21)C(C)(C)C,581
Cc1ccc(C(=O)NC2CC2)cc1-c1ccc(C(=O)c2ccc(O)cc2)cc1,582
CCN1CCN(c2ccc(Nc3ncc4scc(-c5cccc(NS(C)(=O)=O)c5)c4n3)cc2)CC1,583
N[C@@H](Cc1ccccc1)C(=O)N1C/C(=C\c2ccc(Cl)c(Cl)c2)C(=O)/C(=C/c2ccc(Cl)c(Cl)c2)C1,584
C=CC(=O)N[C@@H](CCC(=O)O)C(=O)Nc1cccc(Nc2ncc(NC(=O)c3cc(NC(=O)c4cccc(C)c4)ccc3C)cn2)c1,585
Cc1nnc2n1-c1ccc(-c3cnn(C)c3)cc1[C@H](Nc1ccc(Cl)cc1)CC2,586
N#Cc1ccc(N[C@H]2CC[C@H](N(C(=O)NCc3ccccc3)c3ccc(N4CCNCC4)cc3)CC2)nc1,587
CCC(C)(C)C(=O)C(=O)N1CCCC[C@H]1C(=O)O[C@H](CCc1ccc(OC)c(OC)c1)c1cccc(N)c1,588
CCn1c(-c2nonc2N)nc2c(C#CC(C)(C)O)ncc(OC[C@H]3CCCNC3)c21,589
CC1(COc2ccc3c(c2)ncn3-c2ccc3cccc(N4CCC(N)CC4)c3n2)COC1,590
CCNc1nc(Nc2cc(F)c(C(=O)N3CCOCC3)cc2OC)ncc1C(F)(F)F,591
Cc1sc2c(c1C)C(c1ccc(Cl)cc1)=N[C@@H](CC(=O)Nc1ccc(O)cc1)c1nnc(C)n1-2,592
CC1=CC(C)=[N+]2C1=C(C)c1c(C)cc(C)n1[B-]2(F)F,593
Nc1nc2c(ncn2[C@H]2O[C@@H](COP(=O)(O)OP(=O)(O)O)[C@H](O)[C@@H]2O)c(=O)[nH]1,594
COCCOCCOc1cc2[nH]c(CNc3nc(N4CCOCC4)nc4c3ncn4C(C)C)nc2cc1F,595
CCCCNC(=O)CCc1ccc2nc(NC(=O)CCc3ccc(OC)c(OC)c3)sc2c1,596
COc1cc(O)c2c(=O)cc(-c3ccc(N4CCN(C)CC4)cc3)oc2c1C1=CCN(C)CC1,597
CNC(=O)c1cnc(Cl)cc1Nc1cccc(C(=O)O)c1OC,598
CN(CCCNc1nc(Nc2ccccc2)ncc1C(F)(F)F)C(=O)C1CCC1,599
CC(C)(C)c1cc(C(=O)/C=C/c2ccc(C(=O)O)cc2)cc(C(C)(C)C)c1,600
C[C@H]1[C@H](C)CC[C@]2(C(=O)O)CC[C@]3(C)C(=CC[C@@H]4[C@@]5(C)CC[C@H](O)C(C)(C)[C@@H]5CC[C@]43C)[C@H]12,601
Cc1onc(C(=O)N2CCN(C(c3ccc(Cl)cc3)c3ccc(Cl)cc3)CC2)c1[N+](=O)[O-],602
C=CC(=O)N1CCC([C@@H]2CCNc3c(C(N)=O)c(-c4ccc(Oc5ccccc5)cc4)nn32)CC1,603
C#Cc1c(F)ccc2cc(O)cc(-c3ncc4c(N5CC6CCC(C5)N6)nc(OC[C@@]56CCCN5C[C@H](F)C6)nc4c3F)c12,604
Cn1c(=O)c(C(=O)NN)nc2ccccc21,605
Cn1ncc(Nc2ccc3c(c2)CNCC3)c(Cl)c1=O,606
Cc1cc(S(N)(=O)=O)ccc1Nc1ncc(Br)c(Nc2cccc(F)c2C(N)=O)n1,607
O=C(O)c1nn(Cc2ccc(Cl)cc2Cl)c2ccccc12,608
CN1CCN(S(=O)(=O)c2ccc(-c3cnc(N)c(C(=O)Nc4cccnc4)n3)cc2)CC1,609
C=CC(=O)N1CCN(c2ncnc3c(F)c(-c4cc(O)cc5ccccc45)c(Cl)cc23)CC1,610
Cc1cc(-c2ccc(C=O)c(OC(C)C)c2)cn(C)c1=O,611
CC(=O)N1CC[C@H]2CC[C@@H](C(=O)N[C@@H](CCC(N)=O)C(=O)NC(c3ccccc3)c3ccccc3)N2C(=O)[C@@H](NC(=O)c2cc3cc(C(F)(F)P(=O)(O)O)ccc3[nH]2)C1,612
O=C(N[C@H]1CC[C@H](O)CC1)c1n[nH]cc1NC(=O)c1c(F)cccc1F,613
O=C(O)CCCCCCCCCCCNC(=O)NC12CC3CC(CC(C3)C1)C2,614
CC1(C)C(=O)N(c2ccc(C#N)c(Cl)c2)C(=S)N1c1ccc(O)cc1,615
CCn1c(=O)c2cc(C(N)=O)c(N)nc2n(C2CC2)c1=O,616
NCCCC[C@H](NC(=O)[C@@H]1CCCN1C(=O)Cc1cccc2ccccc12)C(=O)Nc1ccccc1C(=O)O,617
c1ccc(-c2csc(N3CCOCC3)n2)cc1,618
CN1CCc2cc(Nc3ncc(C4CC4)c(NCCCNC(=O)C4CCC4)n3)ccc2C1,619
Oc1cccc(-c2cc(Nc3ccc(OC(F)(F)F)cc3)ncn2)c1,620
N#Cc1ccc(N2CCC3(CCN(C(=O)c4ccccc4)CC3)C2)cc1Cl,621
NNC(=O)c1ccc(/N=C2\C(=O)Nc3ccccc32)cc1,622
CC(C)S(=O)(=O)c1ccccc1Nc1nc(Nc2ccc(N3CCN(C)CC3)cc2)ncc1Cl,623
CCN(c1cc(-c2ccc(N3CCNCC3)nc2)cc(C(=O)NCc2c(C)cc(C)[nH]c2=O)c1C)C1CCOCC1,624
CC(C)(C)NC(=O)N[C@H](C(=O)N1C[C@H]2[C@@H]([C@H]1C(=O)N[C@H](C=O)C[C@@H]1CCNC1=O)C2(C)C)C(C)(C)C,625
CC/C(=C(\c1ccc(O)cc1)c1ccc(OCCNC)cc1)c1ccccc1,626
Nc1ccc(-c2cc(-c3cccc(Br)c3)n[nH]2)cc1,627
O=S(=O)(c1ccc(NC(=S)NCc2cccnc2)cc1)N1CCN(Cc2ccccc2)CC1,628
Cc1cc(C)c(CNC(=O)c2cc(-c3ccc(N4CCNCC4)nc3)cc3c2cnn3C(C)C)c(=O)[nH]1,629
O=C(O)c1ccc(CN(CC2CCCCC2)S(=O)(=O)c2ccc(S(=O)(=O)N(Cc3ccc(Cl)cc3)C3CCCC3)cc2)cc1,630
O=C(Nc1ccc(N2CCC(C(=O)N3CCOCC3)CC2)cc1)c1cnc(Oc2ccccc2)nc1,631
COc1ccc(C(=O)NO)cc1OCc1ccccc1,632
O=[N+]([O-])c1ccc2c(c1)Sc1ccccc1N2,633
C#CCCCC(=O)N1CCN(c2cc(Nc3ncc(/C=C/c4cccc(C)c4)s3)nc(C)n2)CC1,634
CN1CCN(c2ccc3nc(-c4c(N)c5c(F)cccc5[nH]c4=O)[nH]c3c2)CC1,635
CC1(C)C(NC(=O)c2cnn(CCO)c2)C(C)(C)C1Oc1ccc(C#N)c(Cl)c1,636
CC(=O)c1c(C)c2cnc(N)nc2n(C2CCCC2)c1=O,637
CNCC[C@H](CSc1ccccc1)Nc1ccc(cc1S(=O)(=O)C(F)(F)F)S(=O)(=O)NC(=O)c1ccc(cc1)N1CCN(CC2=C(CCC(C)(C)C2)c2ccc(Cl)cc2)CC1,638
CN(C)CC[C@H](CSc1ccccc1)Nc1ccc(cc1S(=O)(=O)C(F)(F)F)S(=O)(=O)NC(=O)c1ccc(cc1)N1CCN(CC2=C(CCC(C)(C)C2)c2ccc(Cl)cc2)CC1,639
CCC1c2nnc(C)n2-c2cnc(Nc3ccc(C(=O)NC4CCN(C)CC4)cc3OC)nc2N1CC1CCCCC1,0
CN(c1ccc(C#N)c(Cl)c1)C1CCC(NC(=O)c2ccccc2)CC1,3
CC1(C)CCC(c2ccc(Cl)cc2)=C(CN2CCN(c3ccc(C(=O)NS(=O)(=O)c4ccc(NC(CCN5CCOCC5)CSc5ccccc5)c(S(=O)(=O)C(F)(F)F)c4)cc3)CC2)C1,6
CCS(=O)(=O)N1CCC(C(C)n2cc(C)c3c(C(=O)NCc4c(OC)cc(C)[nH]c4=O)cccc32)CC1,16
CCC(=O)N1CC(n2nc(-c3ccc(Oc4ccccc4)cc3)c3c(N)ncnc32)CC1C(=O)O,17
CC(Oc1cc(-c2cnn(C3CCNCC3)c2)cnc1N)c1c(Cl)ccc(F)c1Cl,19
CSCCC(NC(=O)C(C)NC(=O)C(Cc1ccccc1)NC(=O)C(Cc1ccccc1)NC(=O)C1CCCN1C(=O)C(Cc1c[nH]c2ccccc12)NC(=O)C(CCSC)NC(=O)C(CCCCN)NC(=O)C(CCCNC(=N)N)NC(=O)C(Cc1ccccc1)NC(=O)C(CO)NC(=O)C(CCC(N)=O)NC(=O)C(Cc1ccccc1)NC(=O)C(CC(=O)O)NC(=O)C(N)CCCNC(=N)N)C(=O)O,20
CC12CC(N)CC1(C)CC(Oc1ccc(C#N)c(Cl)c1)C2,25
CN(C)CC=CC(=O)Nc1cc2c(Nc3ccc(F)c(Cl)c3)ncnc2cc1OC1CCOC1,129
O=C(Nc1ccc(OC(F)(F)Cl)cc1)c1cnc(N2CCC(O)C2)c(-c2cc[nH]n2)c1,31
C#CCCC(=O)N(C)CCOc1ccc(C(=C(CC)c2ccccc2)c2ccc(O)cc2)cc1,37
NC1CCCN(c2c(C=C3SC(=O)NC3=O)cccc2-c2ccccc2)C1,39
CC1Cc2c([nH]c3ccccc23)C(c2c(F)cc(C=CC(=O)O)cc2F)N1CC(C)(C)F,41
CC(=O)N1c2ccc(-c3ccc(C(=O)O)cc3)cc2C(Nc2ccc(Cl)cc2)CC1C,44
O=C1C(=CC=Cc2ccc([N+](=O)[O-])cc2)c2ccccc2N1Cc1ccccc1,48
N#Cc1ccc(OC2CCC(NC(=O)c3ccccc3)CC2)cc1Cl,53
CC(C(=O)Nc1ccc(Cl)cc1)C1CCC(c2ccnc3ccc(F)cc23)CC1,54
CC(C)NCC(C(=O)N1CCN(c2ncnc3c2C(C)CC3O)CC1)c1ccc(Cl)cc1,55
CC(=O)N1CCC2CCC(C(=O)NC(CCC(N)=O)C(=O)NCc3ccccc3)N2C(=O)C(NC(=O)c2cc3cc(C(F)(F)P(=O)(O)O)ccc3[nH]2)C1,59
C#CCOCCOCCOCCNc1nc(N2CCN(C(=O)C(Cc3ccc(O)cc3)n3cc(C(N)C(C)CC)nn3)CC2)nc(N2CCN(C(=O)C(Cc3ccc(O)cc3)n3cc(C(N)C(C)CC)nn3)CC2)n1,62
CC1CC2(CCNCC2)CN1c1ccc(C#N)c(Cl)c1,67
Nc1nc2c(c(=O)[nH]1)[n+](Cc1ccc(F)cc1)cn2C1OC(COS(=O)(=O)O)C(O)C1O,68
CC1(C)CCC2(C(=O)O)CCC3(C)C(=CCC4C5(C)CCC(O)C(C)(C)C5CCC43C)C2C1,70
O=C(O)c1ccc(NC(=O)C2NC3(CCCCC3)C3(C(=O)Nc4cc(Cl)ccc43)C2c2cccc(Cl)c2F)cc1,71
CC1CN(c2cc(-c3n[nH]c4ccc(OC5(C)CC5)cc34)ncn2)CC(C)O1,75
CC(CC(=O)N1CCC(O)(Cn2cnc3c(-c4ccc(CN)cc4)n(C)nc3c2=O)CC1)c1ccccc1,76
CCC(=C(c1ccccc1)c1ccc(C=CC(=O)O)cc1)c1ccccc1,79
Nc1nc2c(c(=O)[nH]1)[n+](Cc1ccccc1)cn2C1OC(CO[PH](=O)O)C(O)C1O,86
N#Cc1ccc(OC2CC3CCC(C2)N3)cc1Cl,88
Nc1nc2c(ncn2C2OC(CO[PH](=O)[O-])C(O)C2O)c(=O)[nH]1,89
COC(=O)c1ccc(C2c3[nH]c4ccccc4c3CC(C(=O)OC)N2C(=O)CCl)cc1,93
O=S(=O)(C1CC2OC1C(c1ccc(O)cc1)=C2c1ccc(O)cc1)N(CC(F)(F)F)c1ccccc1,97
CNC(=O)Nc1ccc2c(c1)CCC21CN(CC(=O)N(Cc2ccc(F)cc2)C(C)C(F)(F)F)C(=O)O1,101
COC1CC2CCC(C)C(O)(O2)C(=O)C(=O)N2CCCCC2C(=O)OC(C(C)CC2CCC(O)C(OC)C2)CC(=O)C(C)C=C(C)C(O)C(OC)C(=O)C(C)CC(C)C=CC=CC=C1C,104
C=C1CCC2C(C=C(C)C(=O)C3(O)CC(C)C(O)C3C1O)C2(C)C,107
CC12CCC3c4ccc(O)cc4CCC3C1CCC2O,115
CC(OC(C)(C)C)C(NC(=O)OCc1ccccc1)C(=O)NC(CC1CCCCC1)C(=O)NC(C=O)CC1CCNC1=O,121
O=C(CCCON=C1C(=C2C(=O)Nc3ccccc32)Nc2ccccc21)NO,122
CC(C)CC(NC(=O)C1CCCN1)C(=O)NC(Cc1cnc[nH]1)C(=O)NC(CO)C(=O)NC(C(=O)O)C(C)OP(=O)(O)O,123
CC1CC2(CCN(c3ccc(C(=O)N4CCN(C)CC4)cc3)CC2)CN1c1ccc(C#N)c(Cl)c1,240
C=CC(=O)N1CC(n2nc(-c3ccc(Oc4ccccc4)cc3)c3c(N)ncnc32)CC1C(=O)O,308
CC(C)CCNC1CCc2cc(O)c(N3CC(=O)NS3(=O)=O)c(F)c2C1,127
N#Cc1ccc(OC2CCCC(NC(=O)c3ccccc3)CC2)cc1Cl,130
CN1CC(Nc2cnn(C)c(=O)c2Br)CC(c2ccccc2)C1,268
C=CC(=O)N1CCN(c2nc(=O)n(-c3c(C)ccnc3C(C)C)c3nc(-c4c(O)cccc4F)c(F)cc23)C(C)C1,378
COC(=O)C(C)NC(=O)C(C)NC(=O)C(CCCCNC(C)=S)NC(=O)c1ccc(C(=O)c2ccc(OCC=CCN=[N+]=[N-])cc2)cc1,143
CC[N]CCOc1ccc(C(=C(CC)c2ccccc2)c2ccc(O)cc2)cc1,149
NC(=O)C1CC2CCCCC2N1C(=O)c1cccc(C2CCCN2C(=O)c2ccc3[nH]ncc3c2F)c1Cl,151
CN(C)C(=O)CCN(C(=O)C1CCCN1C(=O)C(NC(=O)c1cc2cc(C(F)(F)P(=O)(O)O)ccc2s1)C(C)(C)C)c1ccc(Br)cc1,154
Nc1nc2c(ncn2C2OC(COS(=O)(=O)O)C(O)C2O)c(=O)[nH]1,156
COC(=O)C1=CCC23CCC(C(C)(C=CC=C(C)C(=O)O)OC2=O)C3(OC(C)=O)CC1,160
NC(Cc1ccc(O)c(O)c1)C(=O)O,163
CCc1ccc(C=C2SC(=S)NC2=O)cc1,167
CC(=O)OC1CC(O)C23COC(O)C1(C)C2CC(O)C1(C)C3C(=O)C(OC(C)=O)C2(C)C(c3ccoc3)CC3OC321,173
COc1cc2nc(C)nc(NC(C)c3cc(N)cc(C(F)(F)F)c3)c2cc1OC1CCOC1,174
N#Cc1ccc(OC2CCC(NC(=O)c3cccnn3)CC2)cc1Cl,175
Nc1nc2c(c(=O)[nH]1)[n+](Cc1ccccc1)cn2C1OC(COP(=O)(O)O)C(O)C1O,178
Nc1nc2c(c(=O)[nH]1)[n+](Cc1ccc(F)cc1)cn2C1OC(COP(=O)(O)O)C(O)C1O,184
Cc1sc2c(c1C)C(c1ccc(Cl)cc1)=NC(CC(=O)OC(C)(C)C)c1nnc(C)n1-2,191
CC(C)Nc1cc(-c2c[nH]c(C(=O)NC(CO)c3cccc(Cl)c3)c2)c(Cl)cn1,192
Cn1nccc1Nc1nccc(-c2ccn(C(CO)c3ccc(Cl)c(F)c3)c(=O)c2)n1,194
COc1cc(CC(=O)NC(Cc2ccccc2)C(=O)NC(Cc2ccc(C(F)(F)P(=O)(O)O)cc2)C(=O)NC(CCCCNC(=O)c2ccc(C)c(Br)c2)C(N)=O)ccc1O,198
CC1CCC2C(C)C(OCCNCCOC3OC4OC5(C)CCC6C(C)CCC(C3C)C46OO5)OC3OC4(C)CCC1C32OO4,200
CCCCCCCCCCCCCC(=S)NCCCCC(NC(=O)OCc1ccccc1)C(=O)Nc1ccccc1,204
CCC(=O)N1CCCC(n2c(Nc3ccccc3)nc3cnc(Nc4ccc(N5CCN(C)CC5)cc4)nc32)C1,207
CC(NC(=O)c1ccc2ccccc2c1)c1ccccn1,211
N#CCC(C1CCCC1)n1cc(-c2ncnc3[nH]ccc23)cn1,213
COc1ccc2nc(N=Nc3ccc(N(C)C)cc3)sc2c1,214
CCC1C(COc2nccc3cc(C(N)=O)c(OC)cc23)NC(=O)C1F,217
CCC(C)C(N)c1cn(C(Cc2ccc(O)cc2)C(=O)N2CCN(c3nc(N)nc(N4CCN(C(=O)C(Cc5ccc(O)cc5)n5cc(C(N)C(C)CC)nn5)CC4)n3)CC2)nn1,218
Cc1nc(N2CCC3(CC2)COC(C)C3N)c(CO)nc1-c1cccc(Cl)c1Cl,220
CC=CCC(C)C(O)C1C(=O)NC(CC)C(=O)N(C)CC(=O)N(C)C(CC(C)C)C(=O)NC(C(C)C)C(=O)N(C)C(CC(C)C)C(=O)NC(C)C(=O)NC(C)C(=O)N(C)C(CC(C)C)C(=O)N(C)C(CC(C)C)C(=O)N(C)C(C(C)C)C(=O)N1C,223
N#Cc1ccc(NC2CCC(NC(=O)c3ccccc3)CC2)cc1Cl,224
Cc1ccccc1N1C(=O)C2C3C=CC(C3)C2C1=O,225
CCC(C)C(C(CC(=O)N1CCCC1C(OC)C(C)C(=O)NC(C)C(O)c1ccccc1)OC)N(C)C(=O)C(NC(=O)C(NC)C(C)C)C(C)C,227
CC1CCCN1Cc1nc2ccc(NC(=O)c3ccc4c(cnn4C)c3)cc2[nH]1,228
CC(C)(c1ccc(OCC(O)CO)cc1)c1ccc(OCC(O)CCl)cc1,229
CC(=O)N1CCN(C2CCC(Nc3ncnn4ccc(C(C)C)c34)CC2)CC1,231
Cc1cc(C)cc(COc2cc3c(cc2OCc2cc(C)cc(C)c2)C2CC(O)CC(C)N2CC3)c1,232
CN(C)C(=O)CCN(C(=O)C1CCCN1C(=O)C(NC(=O)c1cc2cc(C(F)(F)P(=O)(O)O)ccc2s1)C(C)(C)C)c1ccc(-c2nccs2)cc1,233
CC1Cc2c([nH]c3ccccc23)C(c2cnc(Cl)nc2)N1CC(C)(C)F,239
Nc1nc2c(ncn2C2OC(COP(=O)(O)OP(=O)(O)O)C(O)C2O)c(=O)[nH]1,594
O=C(NCC(O)CN1CCc2ccccc2C1)c1cc(NC2COC2)ncn1,242
Nc1nc2c(c(=O)[nH]1)[n+](Cc1ccc(F)cc1)cn2C1OC(COP(=O)(O)OP(=O)(O)O)C(O)C1O,245
N#CN1CCCC(n2nc(-c3ccc(Oc4ccc(F)cc4F)cc3)c(C(N)=O)c2N)C1,251
CC(C)NCC(C(=O)N1CCC(c2ncnc3c2C(C)CC3O)CC1)c1ccc(Cl)cc1,256
CC[N]CCOc1ccc(C2c3ccc(O)cc3CCC2c2ccccc2)cc1,263
NS(=O)(=O)NCCNc1nonc1C(=NO)Nc1ccc(F)c(Br)c1,492
CCCN(c1ccc(C#N)c(Cl)c1)C1CCC(NC(=O)c2ccccc2)CC1,266
COc1cc2c(OCC3CCC(=O)N3)nccc2cc1C(N)=O,269
COC1=C2CC(C)CC(OC)C(O)C(C)C=C(C)C(OC(N)=O)C(OC)C=CC=C(C)C(=O)NC(=CC1=O)C2=O,272
CC(OP(=O)(O)O)C1NC(=O)C(Cc2cncn2CCCCCCCCc2ccccc2)NC(=O)C(N)CCC(=O)NCCCCC(C(N)=O)NC1=O,275
COc1cc(C=C2SC(=O)N(C)C2=O)ccc1Oc1ccc(C#N)cc1C(F)(F)F,276
CC1=C(O)C(=O)C=C2C1=CC=C1C2(C)CCC2(C)C3CC(C)(C(=O)O)CCC3(C)CCC12C,279
COc1cc(C=C(C#N)C(N)=O)ccc1OCc1ccc(C(F)(F)F)cc1C(F)(F)F,281
CC(CC(=O)N1CCC(O)(Cn2cnc3cc(NC(=O)CCN4CCN(C)CC4)ccc3c2=O)CC1)c1ccccc1,284
CCC(C(=O)N1CCCCC1C(=O)OC(CCc1ccc(OC)c(OC)c1)c1ccccc1OCC(=O)O)c1cc(OC)c(OC)c(OC)c1,285
CCC(=O)NC(CCC(=O)O)C(=O)Nc1cccc(Nc2ncc(NC(=O)c3cc(NC(=O)c4cccc(C(F)(F)F)c4)ccc3C)cn2)c1,287
CCC1CC2(CCNCC2)CN1c1ccc(C#N)c(Cl)c1,288
CC(C)S(=O)(=O)c1ccccc1Nc1nc(NC2CCCNC2)ncc1Cl,289
COc1ccc(C=NNC(=O)CCCCCCC(=O)NO)cc1,297
CN(C)CCC(c1ccccc1)n1cc(NC(=O)c2n[nH]c3c2CCC(C)(C)C3)cn1,298
O=C(c1ccc(Oc2ccccc2)cc1Cl)c1c[nH]c2ncnc(NC3CCC(CO)OC3)c12,300
CCc1cnn2c(NCc3ccc[n+]([O-])c3)cc(N3CCCCC3CCO)nc12,301
COc1c(C)c2c(c(O)c1CC=C(C)CCC(=O)OCCN1CCOCC1)C(=O)OC2,302
CC(=O)N1CCC2CCC(C(=O)NC(CCC(N)=O)C(=O)NC(c3ccccc3)c3ccccc3)N2C(=O)C(NC(=O)c2cc3cc(C(=O)P(=O)(O)O)ccc3[nH]2)C1,303
CNC(=O)C(CCC(N)=O)NC(=O)C1CCC2CCN(C(C)=O)CC(NC(=O)c3cc4cc(C(F)(F)P(=O)(O)O)ccc4[nH]3)C(=O)N21,305
C#CCOC1C(=C)CCC2C(C=C(C)C(=O)C3(O)CC(C)C(O)C13)C2(C)C,306
CC1CC2C3CCC4=CC(=O)C=CC4(C)C3(F)C(O)CC2(C)C1(O)C(=O)CO,310
CC(OC(C)(C)C)C(NC(=O)OCc1c[nH]nn1)C(=O)NC(CC1CCCCC1)C(=O)NC(C=O)CC1CCNC1=O,311
CCC(=C(c1ccccc1)c1ccc(OCCN(C)C)cc1)c1ccccc1,315
Nc1nc2c(c(=O)[nH]1)[n+](Cc1ccccc1)cn2C1OC(COP(=O)(O)OP(=O)(O)O)C(O)C1O,476
CCC(C)n1cc(C)c2c(C(=O)NCc3c(C)cc(C)[nH]c3=O)cc(-c3ccc(N4CCNCC4)nc3)cc21,318
COC(C)(C)CCCC(C)(O)C1CCC2(C)C1C(O)CC1C3(C)CCC(O)C(C)(C)C3CCC12C,324
O=C(C=Cc1cccnc1)NCCCCC1CCN(C(=O)c2ccccc2)CC1,325
Nc1nc2c(c(=O)[nH]1)[n+](Cc1ccccc1)cn2C1OC(COS(=O)(=O)O)C(O)C1O,326
C=CC(=O)NC(CCC(=O)O)C(=O)Nc1cccc(Nc2ncc(NC(=O)c3cc(NC(=O)c4cccc(C(F)(F)F)c4)ccc3C)cn2)c1,329
COc1cc(C=C2SC(=O)NC2=O)ccc1Oc1ccc(C#N)cc1C(F)(F)F,333
C=CC(=O)N1CCC(n2c(Nc3ccccc3)nc3cnc(Nc4ccc(N5CCN(C)CC5)cc4)nc32)C1,339
COc1cc(C(CC(=O)O)c2ccc(C)c(CN3CC(C)Oc4ccccc4S3(=O)=O)c2)cc2nnn(C)c12,342
CCC(C)(C)C(=O)C(=O)N1CCCCC1C(=O)OC(CCc1ccc(OC)c(OC)c1)c1cccc(N)c1,588
CC[N]CCOc1ccc(C(=C(CC)c2ccccc2)c2ccccc2)cc1,344
CC(C)c1c(C(=O)Nc2ccccc2)c(-c2ccccc2)c(-c2ccc(F)cc2)n1CCC(O)CC(O)CC(=O)O,345
CC1OCC2(CCN(c3cnc(Sc4ccnc(N)c4Cl)c(N)n3)CC2)C1N,351
CN(C)CC=CC(=O)Nc1ccc(C(=O)Nc2cccc(Nc3cc(-c4c[nH]c5ccccc45)ncn3)c2)cc1,356
CC(NC(=O)c1ccc2c(-c3ccccc3)cccc2c1)c1ccccn1,360
Cc1sc2c(c1C)C(c1ccc(Cl)cc1)=NC(CC(N)=O)c1nnc(C)n1-2,370
CNC(=O)c1ccc(NC(=O)C2NC3(CCCCC3)C3(C(=O)Nc4cc(Cl)ccc43)C2c2cccc(Cl)c2F)cc1,372
CN1C(=O)C(=Nc2ccc(C(=O)NN)cc2)c2ccccc21,375
Cc1ccc(S(=O)(=O)NC(Cc2c[nH]c3ccccc23)C(=O)Nc2ccc(N3CCOCC3)cc2)cc1,376
CN1CCN(C2CCCN(c3cnc(C(N)=O)c(Nc4ccc(C5CCNCC5)cc4)n3)C2)C1=O,382
O=C(O)C(Cc1ccccc1[N+](=O)[O-])=NNc1nc(-c2ccc(Cl)c(Cl)c2)cs1,383
CN(C)CC=CC(=O)Nc1ccc(C(=O)N2CCCC(Nc3ncc(Cl)c(-c4c[nH]c5ccccc45)n3)C2)cc1,386
CC(=O)N1CCC2CCC(C(=O)NC(CCC(N)=O)C(=O)NC(c3ccccc3)c3ccccc3)N2C(=O)C(NC(=O)C=C(C)c2ccc(C(F)(F)P(=O)(O)O)cc2)C1,387
CC(=O)N1CCC2CCC(C(=O)NC(CCC(N)=O)C(=O)NC(c3ccccc3)c3ccccc3)N2C(=O)C(NC(=O)c2cc3cc(OP(=O)(O)O)ccc3[nH]2)C1,393
NC1CCC(Nc2ncnc3[nH]cc(C(=O)c4ccc(Oc5ccccc5)cc4Cl)c23)CC1,396
Nc1nc2c(c(=O)[nH]1)[n+](Cc1ccc(Cl)cc1)cn2C1OC(COP(=O)(O)OP(=O)(O)O)C(O)C1O,409
O=C(c1c(F)ccc(NS(=O)(=O)N2CCC(F)C2)c1F)c1c[nH]c2ncc(-c3cnc(N4CCNCC4)nc3)cc12,411
COCC(C)NC1CCC(Nc2cc(-c3cccc(NCC4(C#N)CCOCC4)n3)c(Cl)cn2)CC1,413
N#Cc1ccc(OC2CCC(NC(=O)c3ccccc3)C2)cc1Cl,414
CC12CCC3c4ccc(O)cc4CCC3C1CCC2=O,416
CC(NC(=O)c1ccc2c(-c3ccc(C(F)(F)F)cc3)cccc2c1)c1ccccn1,421
CC(C=CC1=C(C)CCCC1(C)C)=CC=CC(C)=CC(=O)O,424
COc1cc2nc(C)nc(NC(C)c3cc(N)cc(C(F)(F)F)c3)c2cc1C1CCN(C(C)=O)CC1,427
CC(C)C(CS(=O)(=O)C(C)C)N1C(=O)C(C)(CC(=O)O)CC(c2cccc(Cl)c2)C1c1ccc(Cl)cc1,430
CCCC(NC(=O)C1C2CCCC2CN1C(=O)C(NC(=O)C(NC(=O)c1cnccn1)C1CCCCC1)C(C)(C)C)C(=O)C(=O)NC1CC1,432
COc1cc(CCc2cc(NC(=O)c3ccc(N4CC(C)NC(C)C4)cc3)n[nH]2)cc(OC)c1,433
N#Cc1ccc(OC2CCCC(NC(=O)c3ccccc3)CCC2)cc1Cl,435
Cc1ccc(C(=O)NC2C(C)(C)C(Oc3ccc(C#N)c(Cl)c3)C2(C)C)cc1,436
CC(NC(=O)c1cnc2c(-c3ccc(C(F)(F)F)cc3)cccc2c1)c1ccccn1,437
CCC(=C(c1ccc(O)cc1)c1ccc(OCCN(C)C)cc1)c1ccccc1,440
CCCNc1nc(Nc2ccc(C#N)cc2)ncc1C#CCCCNC(=O)C(C)N(C)C(=O)C=CCN(C)C,441
Cn1ncc(Cl)c1-c1cc(C(=O)NC(CN)Cc2cccc(F)c2)sc1Cl,442
Oc1ccc2c(c1)CCC(c1ccccc1)C2c1ccc(OCCN2CCCC2)cc1,443
CC(C)Nc1cc(-n2ccc3cc(C#N)cnc32)ncc1C(=O)NC1CCC(C(=O)NC2CC2)CC1,444
O=C(NOCC(O)CO)c1ccc(F)c(F)c1Nc1ccc(I)cc1F,452
Cc1[nH]c(C=C2C(=O)Nc3ccc(S(=O)(=O)Cc4c(Cl)cccc4Cl)cc32)c(C)c1C(=O)N1CCCC1CN1CCCC1,454
C=CC(=O)N1CCCC(n2nc(-c3ccc(Oc4ccccc4)cc3)c3c(N)ncnc32)C1,456
CNC(=O)CC1CC(c2cccc(F)c2)C(NC(=O)c2ccc(-c3c(Cl)cnn3C)s2)CN1,458
O=C(O)C(Cc1ccccc1[N+](=O)[O-])=NNc1nc(-c2ccc(-c3ccccc3)cc2)cs1,459
O=C(C=Cc1ccccc1)c1oc(=O)c2ccccc2c1O,460
CC(=O)N1CCCC(n2nc(-c3ccc(Oc4ccc(F)cc4F)cc3)c(C(N)=O)c2N)C1,464
Cc1cccc(C=NNc2cc(N3CCOCC3)nc(OCCc3ccccn3)n2)c1,465
CCOC(=O)C1=CC(OC(CC)CC)C(NC(C)=O)C(N)C1,468
COc1cc(OC)c(C=CS(=O)(=O)Cc2ccc(OC)c(NCC(=O)O)c2)c(OC)c1,473
Nc1nc2c(c(=O)[nH]1)[n+](Cc1ccc(F)cc1)cn2C1OC(CO[PH](=O)O)C(O)C1O,474
CN(Cc1cnc2nc(N)nc(N)c2n1)c1ccc(C(=O)NC(CCC(=O)O)C(=O)O)cc1,477
CC(=O)N1CCC2CCC(C(=O)NC(CCC(N)=O)C(=O)NC(c3ccccc3)c3ccccc3)N2C(=O)C(NC(=O)c2cc3cc(CP(=O)(O)O)ccc3[nH]2)C1,478
COc1cc2ncnc(Nc3ccc(F)c(Cl)c3)c2cc1NC(=O)C=CCN1CCCCC1,482
O=C(Nc1ccc(OC(F)(F)Cl)cc1)c1cnc(N2CCC(O)C2)c(-c2ccn[nH]2)c1,484
Nc1cc2c(Nc3ccc(F)c(Cl)c3)ncnc2cc1OC1CCOC1,485
CN(C)C1CCC2(C)C(=CCC3C2CCC2(C)C(c4ccc5ccncc5c4)CCC32)C1,486
CC1(C)CCC2(C(=O)O)CCC3(C)C(C(=O)C=C4C5(C)C=C(C#N)C(=O)C(C)(C)C5CCC43C)C2C1,488
CCN(CC)CCNC(=O)c1c(C)[nH]c(C=C2C(=O)Nc3ccc(F)cc32)c1C,493
CC1(C)C(NC(=O)c2ccc(O)cc2)C(C)(C)C1Oc1ccc(C#N)c(C(F)(F)F)c1,494
CCC1C(=O)N(C)c2cnc(Nc3ccc(C(=O)NC4CCN(C)CC4)cc3OC)nc2N1C1CCCC1,496
CC1(C)C(NC(=O)c2ccccc2)C(C)(C)C1Oc1ccc(C#N)c(Cl)c1,498
CN1CCCC1COc1nc2c(c(N3CCN(C(=O)C(C#N)=CC4CC4)C(CC#N)C3)n1)CCN(c1cccc3cccc(Cl)c13)C2,500
C=C(F)C(=O)N1CCN(c2nc(OCC3CCCN3C)nc3c2CCN(c2cccc4cccc(Cl)c24)C3)CC1CC#N,501
Nc1cc(F)ccc1NC(=O)c1ccc(CNC(=O)C=Cc2cccnc2)cc1,511
CCC(=O)NC1CCC(n2c(=O)cc(C)c3cnc(Nc4ccc(N5CCN(C)CC5)cc4OC)nc32)CC1,512
CCn1nc(C)cc1C(=O)Nc1nc2cc(C(N)=O)cc(OC)c2n1CC=CCn1c(NC(=O)c2cc(C)nn2CC)nc2cc(C(N)=O)cc(OCCCN3CCOCC3)c21,514
CCC(C)C(=O)OC1CC(C)C=C2C=CC(C)C(CCC3CC(O)CC(=O)O3)C21,519
OC1CCN(c2cc(-c3cccc(-c4cnc5ccc(N6CCCC6c6cccc(F)c6)nn45)n3)ccn2)CC1,523
NC(=O)c1cccc2cn(-c3ccc(C4CCCNC4)cc3)nc12,526
C=CC(=O)N1CCCC(n2c(Nc3ccccc3)nc3cnc(Nc4ccc(N5CCN(C)CC5)cc4)nc32)C1,528
CC1Cc2c(ccc3[nH]ncc23)C(c2ccc(NC3CN(CCCF)C3)cn2)N1CC(F)(F)F,533
CC1(c2nc3c(C(N)=O)cccc3[nH]2)CCCN1,535
C=CC(=O)N1CCN(c2nc(=O)n(-c3ccc(C(=O)O)cc3C(C)C)c3cc(-c4ccccc4Cl)c(Cl)cc23)C(C)C1,537
CCc1ccc(C(=O)NCCCCC(NC(=O)C(Cc2ccc(C(F)(F)P(=O)(O)O)cc2)NC(=O)C(Cc2ccccc2)NC(=O)COC2CC(C)CCC2C(C)C)C(N)=O)cc1,539
Nc1nc2c(ncn2C2OC(COP(=O)(O)O)C(O)C2O)c(=O)[nH]1,540
CCN(c1ccc(C#N)c(Cl)c1)C1CCC(NC(=O)c2ccccc2)CC1,543
Cc1cccc(CN2C(=O)c3cc(-c4nc(Nc5ccnn5C)ncc4C)cn3CC2C)n1,544
CC(C)CCC(=O)N1CCN2c3ncc(Cl)c(n3)Nc3cc4c(c(c3)OCCOCC2C1)N(C)C(=O)CC4,545
Nc1nc(Nc2ccc3c(c2)CCC(N2CCCC2)CC3)nn1-c1cc2c(nn1)-c1ccccc1CCC2,549
CNc1cc(CS(=O)(=O)C=Cc2c(OC)cc(OC)cc2OC)ccc1OC,550
CC12CCC3C(CCC4CC(=O)CCC43C)C1CCC2O,554
CCC(C(=O)N1CCCCC1C(=O)OC(CCc1ccc(OC)c(OC)c1)c1cccc(OCC(=O)O)c1)c1cc(OC)c(OC)c(OC)c1,555
COC(=O)NC(C)CNc1nccc(-c2cn(C(C)C)nc2-c2cc(Cl)cc(NS(C)(=O)=O)c2F)n1,556
CC1Cc2c([nH]c3ccccc23)C(c2c(F)cc(NC3CN(CCCF)C3)cc2F)N1CC(F)(F)CO,557
CCC1C(=O)N(C)c2cnc(Nc3ccccc3OC)nc2N1C1CCCC1,559
Nc1ncnc2c1c(-c1ccc(Oc3ccccc3)cc1)nn2C1CCCNC1,562
COc1ccc(C=Cc2cc(OC)c(OC)c(OC)c2)cc1O,564
CC(C)NC(=O)N1CCC(NC2=Nc3cc(F)ccc3N(CC(F)F)c3ccc(Cl)cc32)C1,565
CCCCNc1ncc2c(-c3ccc(C)cc3)cn(C3CCC(O)CC3)c2n1,568
CCCCCCCCC=CCCCCCCCC(=O)O,569
Cc1ccc(F)c(S(=O)(=O)Nc2ccc(-c3nc(OCC4CNCCO4)c4cn[nH]c4n3)cc2)c1,573
CC1CC(N)CC(c2ccncc2NC(=O)c2ccc(F)c(-c3c(F)cccc3F)n2)C1,574
COc1ccc(Cl)c(S(=O)(=O)Nc2ccc(-c3nc(OCC4CNCCO4)c4c(C)n[nH]c4n3)cc2)c1,575
COc1cc2c(OCC3CCC(=O)N3)ncc(Br)c2cc1C(N)=O,576
O=C(Nc1nc2ccc(CO)cc2n1C1CCC(CO)CC1)c1cccc(C(F)(F)F)c1,578
CCCN(CCC)CC(C)NC(=O)c1ccc(-c2noc(C(F)(F)F)n2)cc1,580
CNC(C)C(=O)NC(C(=O)N1Cc2cc(O)ccc2CC1C(=O)NC1CCCc2ccccc21)C(C)(C)C,581
NC(Cc1ccccc1)C(=O)N1CC(=Cc2ccc(Cl)c(Cl)c2)C(=O)C(=Cc2ccc(Cl)c(Cl)c2)C1,584
C=CC(=O)NC(CCC(=O)O)C(=O)Nc1cccc(Nc2ncc(NC(=O)c3cc(NC(=O)c4cccc(C)c4)ccc3C)cn2)c1,585
Cc1nnc2n1-c1ccc(-c3cnn(C)c3)cc1C(Nc1ccc(Cl)cc1)CC2,586
N#Cc1ccc(NC2CCC(N(C(=O)NCc3ccccc3)c3ccc(N4CCNCC4)cc3)CC2)nc1,587
CCn1c(-c2nonc2N)nc2c(C#CC(C)(C)O)ncc(OCC3CCCNC3)c21,589
Cc1sc2c(c1C)C(c1ccc(Cl)cc1)=NC(CC(=O)Nc1ccc(O)cc1)c1nnc(C)n1-2,592
CC(C)(C)c1cc(C(=O)C=Cc2ccc(C(=O)O)cc2)cc(C(C)(C)C)c1,600
CC1CCC2(C(=O)O)CCC3(C)C(=CCC4C5(C)CCC(O)C(C)(C)C5CCC43C)C2C1C,601
C=CC(=O)N1CCC(C2CCNc3c(C(N)=O)c(-c4ccc(Oc5ccccc5)cc4)nn32)CC1,603
C#Cc1c(F)ccc2cc(O)cc(-c3ncc4c(N5CC6CCC(C5)N6)nc(OCC56CCCN5CC(F)C6)nc4c3F)c12,604
CC(=O)N1CCC2CCC(C(=O)NC(CCC(N)=O)C(=O)NC(c3ccccc3)c3ccccc3)N2C(=O)C(NC(=O)c2cc3cc(C(F)(F)P(=O)(O)O)ccc3[nH]2)C1,612
O=C(NC1CCC(O)CC1)c1n[nH]cc1NC(=O)c1c(F)cccc1F,613
NCCCCC(NC(=O)C1CCCN1C(=O)Cc1cccc2ccccc12)C(=O)Nc1ccccc1C(=O)O,617
NNC(=O)c1ccc(N=C2C(=O)Nc3ccccc32)cc1,622
CC(C)(C)NC(=O)NC(C(=O)N1CC2C(C1C(=O)NC(C=O)CC1CCNC1=O)C2(C)C)C(C)(C)C,625
CCC(=C(c1ccc(O)cc1)c1ccc(OCCNC)cc1)c1ccccc1,626
C#CCCCC(=O)N1CCN(c2cc(Nc3ncc(C=Cc4cccc(C)c4)s3)nc(C)n2)CC1,634
CNCCC(CSc1ccccc1)Nc1ccc(S(=O)(=O)NC(=O)c2ccc(N3CCN(CC4=C(c5ccc(Cl)cc5)CCC(C)(C)C4)CC3)cc2)cc1S(=O)(=O)C(F)(F)F,638
CN(C)CCC(CSc1ccccc1)Nc1ccc(S(=O)(=O)NC(=O)c2ccc(N3CCN(CC4=C(c5ccc(Cl)cc5)CCC(C)(C)C4)CC3)cc2)cc1S(=O)(=O)C(F)(F)F,639
CN(C)CC[C@H](CSc1ccccc1)Nc1ccc(S(=O)(=O)NC(=O)c2ccc(N3CCN(CC4=C(c5ccc(Cl)cc5)CCC(C)(C)C4)CC3)cc2)cc1S(=O)(=O)C(F)(F)F,872
CNCC[C@H](CSc1ccccc1)Nc1ccc(S(=O)(=O)NC(=O)c2ccc(N3CCN(CC4=C(c5ccc(Cl)cc5)CCC(C)(C)C4)CC3)cc2)cc1S(=O)(=O)C(F)(F)F,873
